Duration (in seconds),QID10,QID11,QID13,QID14,QID16,QID17,QID19,QID20,QID22,QID23,QID25,QID26,QID28,QID29,QID31,QID32,QID34,QID35,QID37,QID38,QID40,QID41,QID43,QID44,QID46,QID47,QID49,QID50,QID52,QID53,QID55,QID56,QID58,QID59,QID61,QID62,QID64,QID65,QID67,QID68,QID70,QID71,QID73,QID74,QID76,QID77,QID79,QID80,QID82,QID83,QID85,QID86,QID88,QID89,QID91,QID92,QID94,QID95,QID97,QID98,QID100,QID101,QID103,QID104,QID106,QID107,QID109,QID110,QID112,QID113,QID115,QID116,QID118,QID119,QID121,QID122,QID124,QID125,QID127,QID128,QID130,QID131,QID133,QID134,QID136,QID137,QID139,QID140,QID142,QID143,QID145,QID146,QID148,QID149,QID151,QID152,QID154,QID155,QID157,QID158,QID160,QID161,QID163,QID164,QID166,QID167,QID169,QID170,QID172,QID173,QID175,QID176,QID178,QID179,QID181,QID182,QID184,QID185,QID187,QID188,QID190,QID191,QID193,QID194,QID196,QID197,QID199,QID200,QID202,QID203,QID205,QID206,QID208,QID209,QID211,QID212,QID214,QID215,QID217,QID218,QID220,QID221,QID223,QID224,QID226,QID227,QID229,QID230,QID232,QID233,QID235,QID236,QID238,QID239,QID241,QID242,QID244,QID245,QID247,QID248,QID250,QID251,QID253,QID254,QID256,QID257,QID259,QID260,QID262,QID263,QID265,QID266,QID268,QID269,QID271,QID272,QID274,QID275,QID277,QID278,QID280,QID281,QID283,QID284,QID286,QID287,QID289,QID290,QID292,QID293,QID295,QID296,QID298,QID299,QID301,QID302,QID304,QID305,QID307,QID308,QID310,QID311,QID313,QID314,QID316,QID317,QID319,QID320,QID322,QID323,QID325,QID326,QID328,QID329,QID331,QID332,QID334,QID335,QID337,QID338,QID340,QID341,QID343,QID344,QID346,QID347,QID349,QID350,QID352,QID353,QID355,QID356,QID358,QID359,QID361,QID362,QID364,QID365,QID367,QID368,QID370,QID371,QID373,QID374,QID376,QID377,QID379,QID380,QID382,QID383,QID385,QID386,QID388,QID389,QID391,QID392,QID394,QID395,QID397,QID398,QID400,QID401,QID403,QID404,QID406,QID407,QID409,QID410,QID412,QID413,QID415,QID416,QID418,QID419,QID421,QID422,QID424,QID425,QID427,QID428,QID430,QID431,QID433,QID434,QID436,QID437,QID439,QID440,QID442,QID443,QID445,QID446,QID448,QID449,QID451,QID452,QID454,QID455,QID457,QID458,QID460,QID461,QID463,QID464,QID466,QID467,QID469,QID470,QID472,QID473,QID475,QID476,QID478,QID479,QID481,QID482,QID484,QID485,QID487,QID488,QID490,QID491,QID493,QID494,QID496,QID497,QID499,QID500,QID502,QID503,QID505,QID506,QID508,QID509,QID511,QID512,QID514,QID515,QID517,QID518,QID520,QID521,QID523,QID524,QID526,QID527,QID529,QID530,QID532,QID533,QID535,QID536,QID538,QID539,QID541,QID542,QID544,QID545,QID547,QID548,random
205,,,,,hungry,4,,,,,,,empty,3,,,,,,,cute,3,,,,,,,,,,,,,,,,,cute,4,rough,2,,,violent,4,,,,,warm,2,,,,,,,comfortable,3,excellent,4,,,excited,4,,,illegal,3,,,,,,,,,hungry,4,,,dirty,3,,,,,,,warm,4,,,,,adorable,4,excellent,4,,,friendly,3,,,,,,,,,,,clean,3,excellent,4,crazy,4,,,,,,,,,,,,,,,,,,,,,,,,,,,,,,,,,,,,,,,,,,,,,,,,,,,,,,,,,,,,,,,,,,,,,,,,,,,,,,,,,,,,,,,,,,,,,,,,,,,,,,,,,,,,,,,,,,,,,,,,,,,,,,,,,,,,,,,,,,,,,,,,,,,,,,,,,,,,,,,,,,,,,,,,,,,,,,,,,,,,,,,,,,,,,,,,,,,,,,,,,,,,,,,,,,,,,,,,,,,,,,,,,,,,,,,,,,,,,,,,,43474
246,,,outdoor,2,,,,,cute,2,,,,,excellent,2,,,,,,,,,clever,2,fat,2,violent,2,excited,1,,,attractive,2,,,,,,,fresh,1,,,,,,,,,,,,,excellent,2,,,,,rough,2,,,deadly,1,,,,,,,weak,1,,,,,,,,,,,,,illegal,2,,,,,clever,3.5,,,,,cute,2,,,violent,2,,,creepy,2,excellent,2,comfortable,2,,,,,,,,,,,,,,,,,,,,,,,,,,,,,,,,,,,,,,,,,,,,,,,,,,,,,,,,,,,,,,,,,,,,,,,,,,,,,,,,,,,,,,,,,,,,,,,,,,,,,,,,,,,,,,,,,,,,,,,,,,,,,,,,,,,,,,,,,,,,,,,,,,,,,,,,,,,,,,,,,,,,,,,,,,,,,,,,,,,,,,,,,,,,,,,,,,,,,,,,,,,,,,,,,,,,,,,,,,,,,,,,,,,,,,,,,,,,,,,,,,,,,,,37859
290,,,,,,,,,,,,,,,,,,,,,,,,,,,,,,,,,,,,,,,,,,,,,,,,,,,,,,,,,,,,,,,,,,,,,,,,,,,,,,,,,,,,,,,,,,,,,,,,,,,,,,,,,,,,,,,,,,,,,,,,,tired,3,,,,,dumb,4,empty,3,,,deadly,2,,,,,,,cute,5,,,clever,5,creepy,5,dry,1,,,angry,5,,,deadly,3,,,,,fresh,5,,,,,,,safe,1,,,,,fat,5,,,,,,,attractive,3,,,attractive,4,excellent,3,,,,,,,,,,,,,,,,,,,,,excellent,3,,,adorable,5,,,,,,,successful,5,,,,,,,,,,,,,crazy,4,,,,,,,,,,,,,,,,,,,,,,,,,,,,,,,,,,,,,,,,,,,,,,,,,,,,,,,,,,,,,,,,,,,,,,,,,,,,,,,,,,,,,,,,,,,,,,,,,,,,,,,,,,,,,,,,,,,,,,,,,47390
222,,,,,,,,,,,,,,,,,,,,,,,,,,,,,,,,,,,,,,,,,,,,,,,,,,,,,,,,,,,,,,,,,,,,,,,,,,,,,,,,,,,,,,,,,,,,,,,,,,,,,,,,,,,,,,,,,,,,,,,,,,,,,,,,,,,,,,,,,,,,,,,,,,,,,,,,,,,,,,,,,,,,,,,,,,,,,,,,,,,,,,,,,,,,,,,,,,,,,,,,,,,,,,,,,,,,,,,,,,,,,,,,,,,,,,,,,,,,,,,,,,,cute,3,,,,,empty,3,,,,,,,,,shy,4,,,hungry,5,,,,,successful,3,,,,,,,deadly,4,,,,,,,bitter,4,expensive,3,attractive,5,warm,3,ugly,4,funny,3,,,comfortable,3,,,,,,,,,faithful,4,,,,,,,,,,,,,,,,,hilarious,3,,,hilarious,3.5,excellent,5,,,adorable,5,,,,,,,,,warm,3,excited,5,,,,,,,,,,,29103
235,,,,,,,adorable,3,,,,,,,,,,,shy,3,cute,3,excellent,4,wicked,3,creepy,3,violent,2,stunning,3,adorable,3,,,,,cute,5,,,talented,4,,,,,attractive,4,,,ugly,3,,,,,comfortable,3,,,,,,,,,,,,,,,,,,,,,,,,,,,,,,,,,,,tough,5,,,successful,2,,,friendly,2,,,,,creepy,2,excellent,4,rough,5,,,,,,,,,,,,,,,,,,,,,,,,,,,,,,,,,,,,,,,,,,,,,,,,,,,,,,,,,,,,,,,,,,,,,,,,,,,,,,,,,,,,,,,,,,,,,,,,,,,,,,,,,,,,,,,,,,,,,,,,,,,,,,,,,,,,,,,,,,,,,,,,,,,,,,,,,,,,,,,,,,,,,,,,,,,,,,,,,,,,,,,,,,,,,,,,,,,,,,,,,,,,,,,,,,,,,,,,,,,,,,,,,,,,,,,,,,,,,,,,,,,,,,,13091
391,,,,,,,,,,,,,,,,,,,,,,,,,,,,,,,,,,,,,,,,,,,,,,,,,,,,,,,,,,,,,,,,,,,,,,,,,,,,,,,,,,,,,,,,,,,,,,,,,,,,,,,,,,,,,,,,,,,,,,,,,,,,,,,,,,,,,,,,,,,,,,,,,,,,,,,,,,,,,,,,,,,,,,,,,,,,,,,,,,,,,,,,,,,,,,,,,,,,,,,,,,,,,,,,,,,,,,,,,,,,,,,,,,,,,,,,,,,,,,,,,gorgeous,2,,,,,,,,,,,talented,3,difficult,2,,,,,,,,,,,,,,,,,,,attractive,2,,,,,,,talented,2,,,,,,,,,,,,,,,,,excellent,2,,,attractive,2,,,,,excellent,3,,,cute,5,excellent,2,crazy,2,cute,4,dirty,2,excited,4,,,illegal,2,,,,,tough,1,,,sexy,3,sleepy,1,,,violent,2,,,,,,,,,,,,,excellent,4,13182
402,,,,,,,,,,,,,,,,,,,,,,,,,,,,,,,,,,,,,,,,,,,,,,,,,,,,,,,,,,,,,,,,,,,,,,,,,,,,,,,,,,,,,,,,,,,,,,,,,,,,,,,,,,,,,,,,,,,,,,,,,,,,,,,,,,,,,,,,,,,,,,,,,,,,,,,,,,,,,,,,,,,,,,,,,,,,,,,,,,,,,,,,,,,,,,,,,,,,,,,,,,,,,,,,,,,,,,,,,,,,,,,,,,,,,,,,,,,,,,,,,tired,4,,,,,dumb,2,cute,5,stunning,5,,,,,,,hurt,3,cute,5,excellent,5,,,fat,3,,,stunning,5,extreme,3,,,deadly,5,empty,4,,,talented,5,,,,,,,,,,,,,,,,,,,empty,5,excited,5,,,,,excellent,4,,,,,,,crazy,4,cute,5,,,,,,,,,warm,5,,,,,,,,,,,,,violent,5,,,,,,,,,,,,,,,12110
592,gorgeous,4,,,,,adorable,4,,,talented,1,,,,,cute,4,shy,1,,,excellent,5,,,,,,,,,adorable,4,,,sleepy,1,,,,,,,,,expensive,2.5,attractive,4,,,ugly,1,funny,5,,,,,,,,,,,,,,,excellent,5,shy,1,,,excellent,4,,,excellent,4,,,excellent,4,talented,4,,,,,wicked,4,,,,,,,,,,,,,warm,4,,,,,,,,,,,,,,,,,,,,,,,,,,,,,,,,,,,,,,,,,,,,,,,,,,,,,,,,,,,,,,,,,,,,,,,,,,,,,,,,,,,,,,,,,,,,,,,,,,,,,,,,,,,,,,,,,,,,,,,,,,,,,,,,,,,,,,,,,,,,,,,,,,,,,,,,,,,,,,,,,,,,,,,,,,,,,,,,,,,,,,,,,,,,,,,,,,,,,,,,,,,,,,,,,,,,,,,,,,,,,,,,,,,,,,,,,,,,,,,,,,,,,,,,,,,,,40189
405,,,,,,,,,,,,,,,,,,,,,,,,,,,,,,,,,,,,,,,,,,,,,,,,,,,,,,,,,,,,,,,,,,,,,,,,,,,,,,,,,,,,,,,,,,,,,,,,,,,,,,,,,,,,,,,,,,,,,,,,,,,,,,,,,,,,,,,,,adorable,3,,,cute,3,,,clever,2,dying,2,successful,3,,,adorable,3,,,sleepy,2,cute,3,,,,,,,expensive,3,,,,,,,dangerous,3,,,comfortable,3,,,,,,,,,,,excellent,2,shy,3,cute,3,difficult,3,,,,,,,excited,3,,,,,,,,,tough,3,,,,,hilarious,3,,,,,funny,3,,,,,,,,,,,crazy,2,,,,,,,,,,,,,,,,,,,,,,,,,,,,,,,,,,,,,,,,,,,,,,,,,,,,,,,,,,,,,,,,,,,,,,,,,,,,,,,,,,,,,,,,,,,,,,,,,,,,,,,,,,,,,,,,,,,,,,,,,29093
245,,,,,,,,,,,,,,,,,,,,,,,,,,,,,,,,,,,,,,,,,,,,,,,,,,,,,,,,,,,,,,,,,,,,,,,,,,,,,,,,,,,,,,,,,,,,,,,,,,,,,,,,,,,,,,,,,,,,,,,,,,,,,,,,,,,,,,,adorable,3,,,hurt,2,,,hungry,2,,,,,,,lazy,2,,,,,,,,,,,fresh,1,,,,,,,angry,2,,,,,lazy,1,,,lazy,2,insane,3,,,attractive,2,illegal,1,,,,,,,,,,,,,,,,,talented,3,excited,2,,,excellent,1,,,adorable,3,sexy,4,,,,,adorable,3,,,extreme,2,hilarious,1,faithful,1,,,,,,,,,,,,,,,,,,,,,,,,,,,,,,,,,,,,,,,,,,,,,,,,,,,,,,,,,,,,,,,,,,,,,,,,,,,,,,,,,,,,,,,,,,,,,,,,,,,,,,,,,,,,,,,,,,,,,,,,,,,,,,,30987
460,,,,,,,,,,,,,,,,,,,,,,,,,,,,,,,,,,,,,,,,,,,,,,,,,,,,,,,,,,,,,,,,,,,,,,,,,,,,,,,,,,,,,,,,,,,,,,,,,,,,,,,,,,,,,,,,,,,,,,,,,gorgeous,3,cute,4,hungry,5,adorable,3,adorable,5,stunning,5,deadly,2,,,,,,,,,,,,,,,,,,,,,attractive,5,,,,,sleepy,2.5,,,bitter,3.5,,,attractive,5,,,ugly,4,,,,,,,,,,,excited,5,,,,,,,,,,,,,crazy,3,excellent,5,healthy,4,,,,,,,warm,5,,,,,,,,,,,peaceful,4,,,,,,,,,,,clean,5,excellent,5,,,,,,,,,,,,,,,,,,,,,,,,,,,,,,,,,,,,,,,,,,,,,,,,,,,,,,,,,,,,,,,,,,,,,,,,,,,,,,,,,,,,,,,,,,,,,,,,,,,,,,,,,,,,,,,,,,,,,,,,,,,12531
218,,,,,,,,,,,,,,,,,,,,,,,,,,,,,,,,,,,,,,,,,,,,,,,,,,,,,,,,,,,,,,,,,,,,,,,,,,,,,,,,,,,,,,,,,,,,,,,,,,,,,,,,,,,,,,,,,,,,,,,,,,,,,,,,,,,,,,,,,,,,,,,,,,,,,,,,,,,,,,,,,,,,,,,,,,,,,,,,,,,,,,,,,,,,,,,,,,,,,,,,,,,,,,,,,,,,,,,,,,,,,,,,,,,,,,,,,,,,,,,,,,,,,,,,,,,,,,,difficult,2,adorable,2,,,,,,,,,,,violent,2,,,,,proud,2,,,,,rough,1,,,,,hilarious,2,cute,2,warm,2,,,,,,,,,lazy,1,,,,,,,,,,,,,cute,1,excellent,1,,,,,dirty,2,,,,,,,,,wicked,2,clever,1,,,sexy,3,,,,,,,warm,1,creepy,1,,,,,evil,3,clear,1,excellent,2.5,10303
372,,,,,,,,,,,,,,,,,,,,,,,,,,,,,,,,,,,,,,,,,,,,,,,,,,,,,,,,,,,,,,,,,,,,,,,,,,,,,,,,,,,,,,,,,,,,,,,,,,,,,,,,,,,,,,,,,,,,,,,,,,,outdoor,3,,,,,empty,3,,,,,,,,,hurt,3,cute,4,,,clean,3,,,,,,,,,attractive,4,,,empty,4,,,,,bitter,4,,,,,,,,,,,,,nasty,3,,,,,empty,3,,,illegal,4,wet,2,,,,,,,,,,,,,,,,,,,warm,3,wicked,2,clever,3.5,,,sexy,3,hilarious,4,peaceful,3,successful,3,,,,,hilarious,3,,,,,,,,,,,,,,,,,,,,,,,,,,,,,,,,,,,,,,,,,,,,,,,,,,,,,,,,,,,,,,,,,,,,,,,,,,,,,,,,,,,,,,,,,,,,,,,,,,,,,,,,,,,,,,,,,,,,,,,,,,,,,,,,,34194
339,,,,,,,,,,,,,,,,,,,,,,,,,,,,,,,,,,,,,,,,,,,,,,,,,,,,,,,,,,,,,,,,,,,,,,,,,,,,,,,,,,,,,,,,,,,,,,,,,,,,,,,,,,,,,,,,,,,,,,,,,,,,,hungry,4,adorable,5,,,stunning,5,,,,,adorable,5,,,,,outdoor,4,,,dying,4,successful,3,,,adorable,4,,,sleepy,4,,,excited,4,fresh,5,,,,,,,warm,5,,,dangerous,4,,,,,,,rough,4,,,,,,,,,,,,,excellent,5,hungry,4,,,,,,,,,,,,,,,,,,,,,,,,,,,warm,5,excited,4,,,faithful,5,attractive,5,,,,,,,,,,,,,,,,,,,,,,,,,,,,,,,,,,,,,,,,,,,,,,,,,,,,,,,,,,,,,,,,,,,,,,,,,,,,,,,,,,,,,,,,,,,,,,,,,,,,,,,,,,,,,,,,,,,,,,,,,,,,,11850
550,,,,,,,,,,,,,,,,,,,,,,,,,,,,,,,,,,,,,,,,,,,,,,,,,,,,,,,,,,,,,,,,,,,,,,,,,,,,,,,,,,,,,,,,,,,,,,,,,,,,,,,,,,,,,,,,,,,,,,,,,,,,,,,,,,,,,,,,,,,,,,,,,,,,,,,,,,,,,,,,,,,,,,,,,,,,,,,,,,,,,,,,,,,,,,,,,,,,,,,,,,,,,,,,,,,,,,,,,,,,,,,,,,,,,,,,,,,,,,,,,,,adorable,3,successful,5,,,,,,,talented,5,,,,,,,,,,,clean,4.5,,,,,,,,,,,,,,,,,,,bitter,3,,,,,,,busy,2,funny,3,excellent,3,comfortable,4,,,,,,,talented,5,illegal,3,,,outdoor,4,,,,,,,,,,,excited,5,talented,5,excited,3,,,,,,,extreme,3,,,sleepy,3,violent,4,,,,,,,adorable,5,faithful,3.5,,,,,,,40552
513,,,,,,,,,empty,2,,,empty,2,,,,,sleepy,4,,,,,wicked,5,,,,,,,,,proud,3,,,,,excited,1,talented,2,violent,1,expensive,3,,,,,busy,4,,,excellent,3,,,,,,,,,,,,,,,,,weak,2,,,hungry,3,,,,,excited,4,hilarious,3,talented,2,,,,,,,,,excellent,3,,,,,,,,,excited,4,,,,,evil,4,,,crazy,3,,,,,,,,,,,,,,,,,,,,,,,,,,,,,,,,,,,,,,,,,,,,,,,,,,,,,,,,,,,,,,,,,,,,,,,,,,,,,,,,,,,,,,,,,,,,,,,,,,,,,,,,,,,,,,,,,,,,,,,,,,,,,,,,,,,,,,,,,,,,,,,,,,,,,,,,,,,,,,,,,,,,,,,,,,,,,,,,,,,,,,,,,,,,,,,,,,,,,,,,,,,,,,,,,,,,,,,,,,,,,,,,,,,,,,,,,,,,,,,,,42968
541,tired,2,,,,,nasty,1,,,illegal,1,,,,,,,sleepy,4,,,,,wicked,5,,,violent,2,,,angry,3,,,,,,,,,fresh,1,violent,4,,,,,,,,,,,excellent,4,,,deadly,4,,,,,deadly,5,,,,,outdoor,2.5,,,wicked,4,comfortable,2,,,,,,,,,,,hilarious,4,,,tough,2,,,,,,,,,,,,,excited,4,excellent,4,,,,,excellent,2,,,,,,,,,,,,,,,,,,,,,,,,,,,,,,,,,,,,,,,,,,,,,,,,,,,,,,,,,,,,,,,,,,,,,,,,,,,,,,,,,,,,,,,,,,,,,,,,,,,,,,,,,,,,,,,,,,,,,,,,,,,,,,,,,,,,,,,,,,,,,,,,,,,,,,,,,,,,,,,,,,,,,,,,,,,,,,,,,,,,,,,,,,,,,,,,,,,,,,,,,,,,,,,,,,,,,,,,,,,,,,,,,,,,,,,,,,,,,,,,,,,33086
434,,,cute,5,hungry,5,,,,,,,,,,,adorable,3,,,,,hungry,5,,,creepy,2,,,lazy,3,,,,,deadly,3,,,,,,,,,,,excited,5,,,,,,,,,illegal,2.5,,,,,excited,3,,,faithful,4,deadly,1,,,,,,,,,excellent,3,healthy,3,,,,,,,,,excellent,2,,,adorable,4,,,cute,3,friendly,2,violent,5,warm,5,,,,,,,,,,,,,,,,,,,,,,,,,,,,,,,,,,,,,,,,,,,,,,,,,,,,,,,,,,,,,,,,,,,,,,,,,,,,,,,,,,,,,,,,,,,,,,,,,,,,,,,,,,,,,,,,,,,,,,,,,,,,,,,,,,,,,,,,,,,,,,,,,,,,,,,,,,,,,,,,,,,,,,,,,,,,,,,,,,,,,,,,,,,,,,,,,,,,,,,,,,,,,,,,,,,,,,,,,,,,,,,,,,,,,,,,,,,,,,,,,,,,,,,,,,,,,11169
430,tired,3,,,hungry,4,adorable,3,,,stunning,4,,,,,,,,,,,,,,,,,,,,,,,,,sleepy,4,cute,3,,,,,,,,,,,,,comfortable,3,,,,,comfortable,3,excellent,3,,,excited,4,,,faithful,4,,,,,,,,,,,,,healthy,5,,,,,talented,2,,,,,,,,,successful,3,hilarious,4,,,,,warm,4,,,adorable,4,rough,4,evil,4,,,excellent,3,,,,,,,,,,,,,,,,,,,,,,,,,,,,,,,,,,,,,,,,,,,,,,,,,,,,,,,,,,,,,,,,,,,,,,,,,,,,,,,,,,,,,,,,,,,,,,,,,,,,,,,,,,,,,,,,,,,,,,,,,,,,,,,,,,,,,,,,,,,,,,,,,,,,,,,,,,,,,,,,,,,,,,,,,,,,,,,,,,,,,,,,,,,,,,,,,,,,,,,,,,,,,,,,,,,,,,,,,,,,,,,,,,,,,,,,,,,,,,,,,21446
652,,,,,,,,,,,,,,,,,,,,,,,,,,,,,,,,,,,,,,,,,,,,,,,,,,,,,,,,,,,,,,,,,,,,,,,,,,,,,,,,,,,,,,,,,,,,,,,,,,,,,,,,,,,,,,,,,,,,,,,,,,,,,,,,,,,,,,,,,,,,,,,,,,,,,,,,,,,,,,,,,,,,,,,,,,,,,,,,,,,,,,,,,,,,,,,,,,,,,,,,,,,,,,,,,,,,,,,,,,,,,,,,,,,,,,,,,,,,,,,,,,,,,,,,,,,,,,,difficult,3,cute,5,,,,,,,,,,,successful,4,,,,,attractive,4,,,,,excited,3,,,,,talented,4,excited,4,safe,2,,,,,,,,,excellent,2.5,,,,,,,,,,,,,cute,5,excellent,3,,,,,lazy,4,,,,,,,,,wicked,4,tough,3,,,sexy,5,,,,,,,funny,4,extreme,5,,,,,evil,4,clear,4,excellent,5,29220
577,,,,,,,,,,,,,,,,,,,,,,,,,,,,,,,,,,,,,,,,,,,,,,,,,,,,,,,,,,,,,,,,,,,,,,,,,,,,,,,,,,,,,,,,,,,,,,,,,,,,,,,,,,,,,,,,,,,,,,,,,gorgeous,4,,,,,,,,,,,empty,2,adorable,4,,,,,,,,,,,,,,,lazy,4,,,,,,,,,,,,,,,hilarious,3,attractive,4,,,comfortable,2,,,lazy,1,,,lazy,3,,,,,talented,4,,,,,shy,2,cute,3,,,,,cute,1.5,healthy,4,excellent,2,talented,4,excited,3,,,,,,,adorable,4,,,,,,,,,,,,,,,,,,,clear,3,excellent,4,,,,,,,,,,,,,,,,,,,,,,,,,,,,,,,,,,,,,,,,,,,,,,,,,,,,,,,,,,,,,,,,,,,,,,,,,,,,,,,,,,,,,,,,,,,,,,,,,,,,,,,,,,,,,,,,,,,,,,,,,16522
279,,,,,,,,,,,,,,,,,,,,,,,,,,,,,,,,,,,,,,,,,,,,,,,,,,,,,,,,,,,,,,,,,,,,,,,,,,,,,,,,,,,,,,,,,,,,,,,,,,,,,,,,,,,,,,,,,,,,,,,,,,,cute,3,,,,,,,stunning,3,empty,1,,,,,hurt,2,,,,,,,,,violent,1,,,,,,,,,,,rough,3,,,bitter,2,,,attractive,2,,,ugly,2,dangerous,2,,,comfortable,3,,,,,excited,3,,,,,excellent,3,,,cute,2,,,,,,,,,,,,,,,,,excellent,2,,,adorable,3,,,,,,,successful,3,,,excited,3,adorable,2,rough,1,,,,,,,,,,,,,,,,,,,,,,,,,,,,,,,,,,,,,,,,,,,,,,,,,,,,,,,,,,,,,,,,,,,,,,,,,,,,,,,,,,,,,,,,,,,,,,,,,,,,,,,,,,,,,,,,,,,,,,,,,,,,,,,19216
580,,,,,,,,,empty,4,,,deadly,5,excellent,1,cute,2,,,confused,2,hungry,5,,,,,successful,1.5,stunning,5,,,,,,,cute,5,rough,2,,,,,,,,,warm,4,,,dangerous,3.5,,,,,,,insane,1,,,deadly,2,,,excellent,1,,,,,,,,,hurt,4,,,,,hilarious,3,,,,,excellent,4,tough,1,,,,,,,,,,,,,,,,,rough,5,,,,,,,,,,,,,,,,,,,,,,,,,,,,,,,,,,,,,,,,,,,,,,,,,,,,,,,,,,,,,,,,,,,,,,,,,,,,,,,,,,,,,,,,,,,,,,,,,,,,,,,,,,,,,,,,,,,,,,,,,,,,,,,,,,,,,,,,,,,,,,,,,,,,,,,,,,,,,,,,,,,,,,,,,,,,,,,,,,,,,,,,,,,,,,,,,,,,,,,,,,,,,,,,,,,,,,,,,,,,,,,,,,,,,,,,,,,,,,,,,,,,,,,40774
232,healthy,1,,,hungry,4,,,,,stunning,1,talented,1,,,,,,,cute,2,excellent,1,,,fat,1,,,,,,,,,,,,,,,,,violent,3,hilarious,1,cute,2,,,ugly,2,,,fat,3,,,,,,,excited,2,deadly,2,illegal,1,,,,,,,,,hungry,4,,,healthy,4,,,,,,,,,,,,,,,,,,,,,,,warm,2,,,hilarious,2,,,,,excellent,1,,,,,,,,,,,,,,,,,,,,,,,,,,,,,,,,,,,,,,,,,,,,,,,,,,,,,,,,,,,,,,,,,,,,,,,,,,,,,,,,,,,,,,,,,,,,,,,,,,,,,,,,,,,,,,,,,,,,,,,,,,,,,,,,,,,,,,,,,,,,,,,,,,,,,,,,,,,,,,,,,,,,,,,,,,,,,,,,,,,,,,,,,,,,,,,,,,,,,,,,,,,,,,,,,,,,,,,,,,,,,,,,,,,,,,,,,,,,,,,,,,,49719
301,,,,,,,,,,,,,,,,,,,,,,,,,,,,,,,,,,,,,,,,,,,,,,,,,,,,,,,,,,,,,,,,,,,,,,,,,,,,,,,,,,,,,,,,,,,,,,,,,,,,,,,,,,,,,,,,,,,,,,,,,gorgeous,2,cute,3,,,adorable,3,,,,,,,,,,,,,cute,4,,,clean,4,fat,2,,,,,adorable,2,,,,,empty,2,,,talented,1,lazy,1,,,,,,,,,funny,4,,,,,excellent,4,,,,,,,illegal,1,,,,,,,,,crazy,2,,,healthy,4,,,talented,5,,,,,,,tough,2,adorable,5,,,,,,,,,warm,3,,,,,,,,,,,crazy,4,,,,,,,,,,,,,,,,,,,,,,,,,,,,,,,,,,,,,,,,,,,,,,,,,,,,,,,,,,,,,,,,,,,,,,,,,,,,,,,,,,,,,,,,,,,,,,,,,,,,,,,,,,,,,,,,,,,,,,,,,16877
622,,,,,,,,,,,,,,,,,,,,,,,,,,,,,,,,,,,,,,,,,,,,,,,,,,,,,,,,,,,,,,,,,,,,,,,,,,,,,,,,,,,,,,,,,,,,,,,,,,,,,,,,,,,,,,,,,,,,,,,,,,,,,hungry,4,,,,,,,,,,,,,,,cute,4,,,,,,,,,,,adorable,4,proud,4,sleepy,4,cute,4,,,,,,,talented,1.5,,,safe,5,,,,,,,,,,,,,,,attractive,3,,,,,,,,,excellent,3,hungry,4,excellent,4,,,,,hilarious,4,talented,3,sexy,3,,,,,,,,,sleepy,4,friendly,3,,,warm,4,,,,,,,attractive,2,excellent,4,,,,,,,,,,,,,,,,,,,,,,,,,,,,,,,,,,,,,,,,,,,,,,,,,,,,,,,,,,,,,,,,,,,,,,,,,,,,,,,,,,,,,,,,,,,,,,,,,,,,,,,,,,,,,,,,,,,,,,,,,,,11353
365,,,,,,,,,,,,,,,,,,,,,,,,,,,,,,,,,,,,,,,,,,,,,,,,,,,,,,,,,,,,,,,,,,,,,,,,,,,,,,,,,,,,,,,,,,,,,,,,,,,,,,,,,,,,,,,,,,,,,,,,,,,,,,,,,cute,2,stunning,2,empty,1,adorable,4,,,,,,,excellent,1.5,,,,,dry,2,lazy,2,,,lazy,3,,,,,sleepy,3,,,,,,,,,warm,1,ugly,3,,,,,nasty,3,,,empty,3,,,,,,,excellent,1,shy,2,,,,,,,,,,,,,,,excited,3,,,excellent,1,,,,,,,,,,,adorable,4,,,,,hilarious,3,rough,2,,,,,,,,,,,,,,,,,,,,,,,,,,,,,,,,,,,,,,,,,,,,,,,,,,,,,,,,,,,,,,,,,,,,,,,,,,,,,,,,,,,,,,,,,,,,,,,,,,,,,,,,,,,,,,,,,,,,,,,,,,,,,,,10324
594,,,,,,,,,,,,,,,,,,,,,,,,,,,,,,,,,,,,,,,,,,,,,,,,,,,,,,,,,,,,,,,,,,,,,,,,,,,,,,,,,,,,,,,,,,,,,,,,,,,,,,,,,,,,,,,,,,,,,,,,,gorgeous,3,,,,,dumb,3,empty,4,,,,,adorable,4,cute,2,,,,,excellent,2,clean,2,dying,5,,,stunning,3,,,,,,,,,,,fresh,3,,,,,,,,,,,,,excellent,4,,,excellent,2,empty,2,,,,,attractive,5,,,shy,3,,,,,,,,,healthy,2,excellent,4,,,,,,,,,clean,2,,,excellent,4,,,,,,,,,,,,,,,,,,,crazy,2,,,,,,,,,,,,,,,,,,,,,,,,,,,,,,,,,,,,,,,,,,,,,,,,,,,,,,,,,,,,,,,,,,,,,,,,,,,,,,,,,,,,,,,,,,,,,,,,,,,,,,,,,,,,,,,,,,,,,,,,,13614
506,,,,,,,,,,,,,,,,,,,,,,,,,,,,,,,,,,,,,,,,,,,,,,,,,,,,,,,,,,,,,,,,,,,,,,,,,,,,,,,,,,,,,,,,,,,,,,,,,,,,,,,,,,,,,,,,,,,,,,,,,,,,,,,,,,,,,,,,,,,,,,,,,,,,,,,,,,,,,,,,,,,,,,,,,,,,,,,,,,,,,,,,,,,,,,,,,,,,,,,,,,,,,,,,,,,,,,,,,,,,,,,,,,,,,,,,,,,,,,,,,gorgeous,4,,,,,adorable,4,,,,,,,excellent,4,,,,,,,,,,,,,successful,3,,,,,attractive,2,,,cute,3,excited,3,,,lazy,1,,,,,,,comfortable,4,funny,3,,,,,,,,,,,attractive,1,,,,,outdoor,3,,,excellent,3,,,excellent,3,lazy,1,,,talented,3,,,,,,,,,adorable,4,,,,,,,,,funny,1,,,adorable,4,,,evil,2,,,,,41935
594,,,,,,,,,,,,,,,,,,,,,,,,,,,,,,,,,,,,,,,,,,,,,,,,,,,,,,,,,,,,,,,,,,,,,,,,,,,,,,,,,,,,,,,,,,,,,,,,,,,,,,,,,,,,,,,,,,,,,,,,,,,,,,,,,,,,,,,,,,,,,,,,,,,,,,,,,,,,,,,,,,,,,,,,,,,,,,,,,,,,,,,,,,,,,,,,,,,,,,,,,,,,,,,,,,,,,,,,,,,,,,,,,,,,,,,,,,,,,,,,,,,outdoor,3,,,,,,,stunning,3,,,,,,,,,confused,1,,,clever,3,,,,,lazy,2,,,,,wet,2,,,,,talented,5,,,,,excited,5,,,,,,,,,illegal,1,excellent,1,,,,,,,illegal,3,,,,,cute,5,,,crazy,5,,,,,,,,,illegal,2,sexy,3,wicked,1,clever,2,,,sexy,2,sleepy,1,,,,,,,,,,,,,,,,,wet,2,12892
610,,,outdoor,1,deadly,3,dumb,1,empty,2,,,,,,,rough,2,sleepy,2,cute,4,,,wicked,3,,,dry,1,,,,,,,,,empty,2,,,,,bitter,1,expensive,3,,,,,ugly,2,,,,,,,,,,,empty,1,,,,,,,,,,,,,,,,,,,,,,,,,warm,3,,,,,,,,,,,,,,,warm,3,excited,3,excellent,1,,,clean,2,,,excellent,2,,,,,,,,,,,,,,,,,,,,,,,,,,,,,,,,,,,,,,,,,,,,,,,,,,,,,,,,,,,,,,,,,,,,,,,,,,,,,,,,,,,,,,,,,,,,,,,,,,,,,,,,,,,,,,,,,,,,,,,,,,,,,,,,,,,,,,,,,,,,,,,,,,,,,,,,,,,,,,,,,,,,,,,,,,,,,,,,,,,,,,,,,,,,,,,,,,,,,,,,,,,,,,,,,,,,,,,,,,,,,,,,,,,,,,,,,,,,,,,,,20101
287,,,cute,4,,,,,,,,,,,difficult,2.5,,,shy,4,,,excellent,4,wicked,4,,,,,,,extreme,2,,,,,,,rough,3,talented,4,,,,,,,safe,4,,,,,,,,,,,,,,,,,attractive,4,,,,,,,difficult,2,,,,,healthy,3,deadly,2,,,,,,,,,,,,,excellent,2,cute,4,friendly,3,,,,,excited,3,,,,,evil,3,excellent,3,crazy,4,,,,,,,,,,,,,,,,,,,,,,,,,,,,,,,,,,,,,,,,,,,,,,,,,,,,,,,,,,,,,,,,,,,,,,,,,,,,,,,,,,,,,,,,,,,,,,,,,,,,,,,,,,,,,,,,,,,,,,,,,,,,,,,,,,,,,,,,,,,,,,,,,,,,,,,,,,,,,,,,,,,,,,,,,,,,,,,,,,,,,,,,,,,,,,,,,,,,,,,,,,,,,,,,,,,,,,,,,,,,,,,,,,,,,,,,,,,,,,,,,10463
720,,,,,,,,,,,,,,,excellent,3,,,,,,,,,,,,,,,stunning,4,,,proud,4,sleepy,2,,,excited,1,fresh,1.5,,,,,,,warm,5,,,,,,,comfortable,4,excellent,1,,,,,,,,,,,,,talented,2,wicked,2,,,,,,,excited,5,hilarious,4,excited,4,,,,,tough,5,adorable,4,successful,1,,,friendly,3,violent,5,,,,,,,rough,4,,,,,,,,,,,,,,,,,,,,,,,,,,,,,,,,,,,,,,,,,,,,,,,,,,,,,,,,,,,,,,,,,,,,,,,,,,,,,,,,,,,,,,,,,,,,,,,,,,,,,,,,,,,,,,,,,,,,,,,,,,,,,,,,,,,,,,,,,,,,,,,,,,,,,,,,,,,,,,,,,,,,,,,,,,,,,,,,,,,,,,,,,,,,,,,,,,,,,,,,,,,,,,,,,,,,,,,,,,,,,,,,,,,,,,,,,,,,,,,,,,,,,,,48995
1250,,,,,,,,,,,,,,,,,,,,,,,,,,,,,,,,,,,,,,,,,,,,,,,,,,,,,,,,,,,,,,,,,,,,,,,,,,,,,,,,,,,,,,,,,,,,,,,,,,,,,,,,,,,,,,,,,,,,,,,,,,,,,,,,,,,,,,,,,,,,,,,,,,,,,,,,,,,,,,,,,,,,,,,,,,,,,,,,,,,,,,,,,,,,,,,,,,,,,,,,,,,,,,,,,,,,,,,,,,,,,,,,,,,,,,,,,,,,,,,,,gorgeous,4,adorable,3,,,,,,,stunning,3,,,,,,,,,rough,3,excellent,2.5,clever,2,,,,,,,extreme,3,,,,,empty,3,,,,,bitter,2,,,,,,,,,funny,4,excellent,4,,,,,empty,3,,,talented,4,,,excellent,5,,,,,,,,,,,,,,,talented,3,,,sexy,4,,,,,extreme,3,,,cute,4,peaceful,3,,,,,,,excellent,4,,,,,,,,,29808
1297,gorgeous,2,,,,,,,,,talented,2,talented,4,,,,,,,,,,,,,,,,,,,,,,,,,,,,,,,,,expensive,5,,,warm,5,,,,,,,,,,,insane,1,attractive,5,,,,,,,shy,1,weak,5,,,hungry,4,excellent,5,healthy,4,excited,4,hilarious,5,,,warm,3,excellent,2,,,adorable,5,,,,,,,violent,4,funny,5,,,,,,,,,,,crazy,5,,,,,,,,,,,,,,,,,,,,,,,,,,,,,,,,,,,,,,,,,,,,,,,,,,,,,,,,,,,,,,,,,,,,,,,,,,,,,,,,,,,,,,,,,,,,,,,,,,,,,,,,,,,,,,,,,,,,,,,,,,,,,,,,,,,,,,,,,,,,,,,,,,,,,,,,,,,,,,,,,,,,,,,,,,,,,,,,,,,,,,,,,,,,,,,,,,,,,,,,,,,,,,,,,,,,,,,,,,,,,,,,,,,,,,,,,,,,,,,,,49925
758,,,,,,,,,,,,,,,,,,,,,,,,,,,,,,,,,,,,,,,,,,,,,,,,,,,,,,,,,,,,,,,,,,,,,,,,,,,,,,,,,,,,,,,,,,,,,,,,,,,,,,,,,,,,,,,,,,,,,,,,,,,,,,,,,,,,,,,,,,,,,,,,,,,,,,,,,,,,,,,,,,,,,,,,,,,,,,,,,,,,,,,,,,,,,,,,,,,,,,,,,,,,,,,,,,,,,,,,,,,,,,,,,,,,,,,,,,,,,,,,,,,,,,,,,cute,2,stunning,1,,,excellent,3,,,,,cute,3,,,clever,1,,,,,,,extreme,1,,,wet,1,,,,,fresh,3,violent,1,talented,1,,,warm,3,,,funny,2,excellent,3,comfortable,4,,,,,excited,4,,,,,,,,,,,excellent,1,,,,,,,,,talented,3,,,,,,,,,adorable,2,,,,,,,,,warm,4,creepy,2,,,,,,,,,,,17021
286,,,,,,,,,,,,,,,,,,,,,,,,,,,,,,,,,,,,,,,,,,,,,,,,,,,,,,,,,,,,,,,,,,,,,,,,,,,,,,,,,,,,,,,,,,,,,,,,,,,,,,,,,,,,,,,,,,,,,,,,,,,,,,,,,,,,,,,,,,,,,,,,,,,,,,,,,,,,,,,,,,,,,,,,,,,,,,,,,,,,,,,,,,,,,,,,,,,,,,,,,,,,,,,,,,,,,,,,,,,,,,,,,,,,,,,,,,,,,,,,,,,cute,1,deadly,1,dumb,1,,,talented,1,empty,1,,,cute,3,,,,,,,,,fat,1,,,,,,,,,,,,,,,fresh,1,,,talented,1,excited,1,,,,,,,,,,,,,,,excited,4,,,attractive,1,,,,,,,difficult,1,crazy,1,,,,,,,,,,,warm,1,,,tough,1,adorable,1,,,hilarious,1,,,violent,3,funny,1,,,,,,,,,,,,,46284
300,,,,,,,,,,,,,,,,,,,,,,,,,,,,,,,,,,,,,,,,,,,,,,,,,,,,,,,,,,,,,,,,,,,,,,,,,,,,,,,,,,,,,,,,,,,,,,,,,,,,,,,,,,,,,,,,,,,,,,,,,,,,,hungry,4,adorable,3,empty,3,,,,,adorable,4,,,,,cute,3,,,,,,,,,,,adorable,4,attractive,4,,,cute,3,excited,3,fresh,3,,,talented,2,,,angry,3,,,,,excellent,2,,,,,,,,,,,,,,,shy,3,,,,,,,,,healthy,3,excited,2,hilarious,3,,,,,,,,,,,sexy,4,,,,,,,,,,,,,faithful,4,,,excellent,2,,,,,,,,,,,,,,,,,,,,,,,,,,,,,,,,,,,,,,,,,,,,,,,,,,,,,,,,,,,,,,,,,,,,,,,,,,,,,,,,,,,,,,,,,,,,,,,,,,,,,,,,,,,,,,,,,,,,,,,,,,,40556
299,,,,,,,,,,,,,,,,,,,,,,,,,,,,,,,,,,,,,,,,,,,,,,,,,,,,,,,,,,,,,,,,,,,,,,,,,,,,,,,,,,,,,,,,,,,,,,,,,,,,,,,,,,,,,,,,,,,,,,,,,,,,,,,,,,,,,,,,,,,,,,,,,,,,,,,,,,,,,,,,,,,,,,,,,,,,,,,,,,,,,,,,,,,,,,,,,,,,,,,,,,,,,,,,,,,,,,,,,,,,,,,,,,,,,,,,,,,,,,,,,,,,,,,,,,,,,,,,,,,,,,,excellent,2,wicked,2,,,violent,1,,,,,attractive,2,,,,,excited,1,,,violent,1,,,,,warm,2,,,funny,1,,,comfortable,2,,,empty,2,,,deadly,3,,,excellent,2,,,,,,,,,,,lazy,2,deadly,1,,,,,,,,,,,,,sexy,3,,,peaceful,2,,,,,creepy,2,adorable,3,,,clean,2,,,excellent,4,26154
843,,,,,,,,,,,,,,,,,,,,,,,,,,,,,,,,,,,,,,,,,,,,,,,,,,,,,,,,,,,,,,,,,,,,,,,,,,,,,,,,,,,,,,,,,,,,,,,,,,,,,,,,,,,,,,,,,,,,,,,,,,,,,,,,,,,,,,,,,,,,,,,,,,,,,,,,,,,,,,,,,,,,,,,,,,,,,,,,,,,,,,,,,,,,,,,,,,,,,,,,,,,,,,,,,,,,,,,,,,,,,,,,,,,,,,,,,,,,,,,,,,,outdoor,2,hungry,3,,,,,,,talented,2,,,,,,,,,,,,,dying,1,successful,2,,,,,,,,,empty,3,,,,,,,,,excited,2,,,busy,2,,,,,,,excellent,2,empty,2,,,deadly,2,illegal,1,excellent,3,,,,,,,crazy,3,,,dirty,3,,,,,,,,,,,,,,,excellent,3,,,peaceful,2,violent,3,,,,,adorable,3,,,,,,,excellent,4,36425
769,,,,,,,nasty,1,,,talented,1,,,,,,,,,,,,,,,,,successful,1,excited,1,adorable,2,attractive,1,sleepy,1,,,,,,,,,,,,,,,,,dangerous,5,,,,,excellent,1,empty,1,,,,,,,excellent,4,outdoor,1,,,,,,,excellent,2,,,,,hilarious,1,talented,3,,,wicked,3,clean,1,adorable,3,,,sleepy,1,,,violent,1,,,,,,,,,,,,,,,,,,,,,,,,,,,,,,,,,,,,,,,,,,,,,,,,,,,,,,,,,,,,,,,,,,,,,,,,,,,,,,,,,,,,,,,,,,,,,,,,,,,,,,,,,,,,,,,,,,,,,,,,,,,,,,,,,,,,,,,,,,,,,,,,,,,,,,,,,,,,,,,,,,,,,,,,,,,,,,,,,,,,,,,,,,,,,,,,,,,,,,,,,,,,,,,,,,,,,,,,,,,,,,,,,,,,,,,,,,,,,,,,,,,,,,,,,,,,,,,16899
1168,,,,,,,,,,,,,,,,,,,,,,,,,,,,,,,,,,,,,,,,,,,,,,,,,,,,,,,,,,,,,,,,,,,,,,,,,,,,,,,,,,,,,,,,,,,,,,,,,,,,,,,,,,,,,,,,,,,,,,,,,,,,,,,,,,,,,,,,,,,,,,,,,,,,,,,,,,,,,,,,,,,,,,,,,,,,,,,,,,,,,,,,,,,,,,,,,,,,,,,,,,,,,,,,,,,,,,,,,,,,,,,,,,,,,,,,,,,,,,,,,,,,,successful,2,,,cute,2,,,talented,3,,,adorable,2,hurt,2,,,excellent,3,,,fat,2,,,,,extreme,1,,,,,,,,,,,,,expensive,1.5,,,angry,1,,,,,excellent,1,,,,,empty,1,excited,2,,,,,excellent,2,,,,,,,,,,,,,excellent,1,,,,,,,,,,,,,,,,,peaceful,1,violent,2,,,creepy,1,,,faithful,2,,,clear,1,,,29890
170,,,cute,4,,,,,,,,,,,,,,,,,,,excellent,4,wicked,4,dying,4,successful,4,,,adorable,4,,,sleepy,4,empty,4,excited,4,,,lazy,4,,,,,,,,,fat,4,,,,,,,,,excited,4,attractive,4,,,,,,,weak,4,wicked,4,,,,,healthy,4,,,hilarious,4,illegal,4,,,,,,,,,,,,,friendly,4,,,,,creepy,4,,,,,,,,,,,,,,,,,,,,,,,,,,,,,,,,,,,,,,,,,,,,,,,,,,,,,,,,,,,,,,,,,,,,,,,,,,,,,,,,,,,,,,,,,,,,,,,,,,,,,,,,,,,,,,,,,,,,,,,,,,,,,,,,,,,,,,,,,,,,,,,,,,,,,,,,,,,,,,,,,,,,,,,,,,,,,,,,,,,,,,,,,,,,,,,,,,,,,,,,,,,,,,,,,,,,,,,,,,,,,,,,,,,,,,,,,,,,,,,,,,,,,,,,,,,42390
463,gorgeous,3.5,,,,,,,cute,5,,,talented,2,,,adorable,4,,,,,,,,,fat,3,,,,,,,,,,,empty,3,,,,,,,,,attractive,5,,,,,fat,3,lazy,4,nasty,3,,,empty,4,,,attractive,3,,,excellent,5,shy,4,cute,5,,,hungry,4,excellent,3,,,,,,,,,warm,5,excellent,4,,,,,,,,,,,,,,,,,,,faithful,4,,,,,,,,,,,,,,,,,,,,,,,,,,,,,,,,,,,,,,,,,,,,,,,,,,,,,,,,,,,,,,,,,,,,,,,,,,,,,,,,,,,,,,,,,,,,,,,,,,,,,,,,,,,,,,,,,,,,,,,,,,,,,,,,,,,,,,,,,,,,,,,,,,,,,,,,,,,,,,,,,,,,,,,,,,,,,,,,,,,,,,,,,,,,,,,,,,,,,,,,,,,,,,,,,,,,,,,,,,,,,,,,,,,,,,,,,,,,,,,,,,,,,,,46751
277,,,,,,,,,,,,,,,,,,,,,,,,,,,,,,,,,,,,,,,,,,,,,,,,,,,,,,,,,,,,,,,,,,,,,,,,,,,,,,,,,,,,,,,,,,,,,,,,,,,,,,,,,,,,,,,,,,,,,,,,,,,,,,,,,,,,,,,,,,,,,,,,,,,,,,,,,,,,,,,,,,,,,,,,,,,,,,,,,,,,,,,,,,,,,,,,,,,,,,,,,,,,,,,,,,,,,,,,,,,,,,,,,,,,,,,,,,,,,,,,,gorgeous,4,,,,,,,adorable,4,,,,,difficult,3,,,hurt,3,confused,3,,,,,,,,,lazy,3,extreme,3,,,deadly,4,wet,3,,,,,,,,,,,,,comfortable,4,,,lazy,3,,,deadly,3,,,,,,,,,,,outdoor,3,talented,4,,,,,cute,4,,,,,hilarious,3,illegal,3,,,wicked,4,,,,,,,,,,,,,,,,,,,comfortable,5,,,insane,4,,,25763
285,,,,,,,,,,,,,,,,,,,,,,,,,,,,,,,,,,,,,,,,,,,,,,,,,,,,,,,,,,,,,,,,,,,,,,,,,,,,,,,,,,,,,,,,,,,,,,,,,,,,,,,,,,,,,,,,,,,,,,,,,gorgeous,4,,,,,,,,,stunning,3,,,,,cute,3,,,cute,2.5,hungry,4,,,,,,,stunning,2,,,attractive,4,,,,,,,talented,2,,,,,,,,,,,,,,,,,,,empty,2,excited,4,,,attractive,4,,,outdoor,3,cute,4,,,,,excellent,3,,,,,,,excited,2,,,,,clean,3,adorable,5,sexy,4,,,peaceful,4,,,,,,,,,,,attractive,4,,,,,,,,,,,,,,,,,,,,,,,,,,,,,,,,,,,,,,,,,,,,,,,,,,,,,,,,,,,,,,,,,,,,,,,,,,,,,,,,,,,,,,,,,,,,,,,,,,,,,,,,,,,,,,,,,,,,,,,,,,,,,30214
426,,,,,,,,,,,,,,,,,,,,,,,,,,,,,,,,,,,,,,,,,,,,,,,,,,,,,,,,,,,,,,,,,,,,,,,,,,,,,,,,,,,,,,,,,,,,,,,,,,,,,,,,,,,,,,,,,,,,,,,,,,,,,,,,,,,,,,,,,,,,,,,,,,,,,,,,,,,,,,,,,,,,,,,,,,,,,,,,,,,,,,,,,,,,,,,,,,,,,,,,,,,,,,,,,,,,,,,,,,,,,,,,,,,,,,,,,,,,,,,,,gorgeous,3,cute,2,,,adorable,3,adorable,2,stunning,2,,,,,,,,,cute,3,hungry,3,clever,2,fat,2,,,stunning,3,,,attractive,2,,,,,,,talented,4,violent,3,,,,,,,busy,2,,,,,,,,,empty,2,excited,4,,,,,,,,,,,excellent,3,,,,,,,,,talented,3,,,,,,,,,,,,,,,,,,,,,,,adorable,3,,,,,,,excellent,3,15241
345,tired,1,,,deadly,4,adorable,1,,,,,,,,,rough,1,shy,2,,,,,,,,,,,excited,3,,,,,,,,,,,,,,,,,cute,4,,,busy,1,,,,,,,,,rough,1,,,,,attractive,3,,,shy,2,,,,,hungry,5,excellent,3,,,excited,2,,,,,warm,1,,,,,,,successful,1,cute,3,,,violent,1,,,,,,,rough,2,evil,3,,,,,,,,,,,,,,,,,,,,,,,,,,,,,,,,,,,,,,,,,,,,,,,,,,,,,,,,,,,,,,,,,,,,,,,,,,,,,,,,,,,,,,,,,,,,,,,,,,,,,,,,,,,,,,,,,,,,,,,,,,,,,,,,,,,,,,,,,,,,,,,,,,,,,,,,,,,,,,,,,,,,,,,,,,,,,,,,,,,,,,,,,,,,,,,,,,,,,,,,,,,,,,,,,,,,,,,,,,,,,,,,,,,,,,,,,,,,,,,,,,,,,37248
409,,,,,,,,,,,,,,,,,,,,,,,,,,,,,,,,,,,,,,,,,,,,,,,,,,,,,,,,,,,,,,,,,,,,,,,,,,,,,,,,,,,,,,,,,,,,,,,,,,,,,,,,,,,,,,,,,,,,,,,,,,,cute,4,hungry,3,dumb,2.5,,,,,,,,,,,,,,,,,clever,4,,,successful,3,,,extreme,3,,,deadly,2,,,rough,4,,,,,,,,,,,ugly,3,,,,,comfortable,4,deadly,3,,,,,,,,,,,,,,,excellent,3,,,,,dirty,3,excellent,4,,,,,warm,3,,,,,,,,,,,,,successful,4,warm,2,excited,3,excellent,3,,,,,clear,2,,,,,,,,,,,,,,,,,,,,,,,,,,,,,,,,,,,,,,,,,,,,,,,,,,,,,,,,,,,,,,,,,,,,,,,,,,,,,,,,,,,,,,,,,,,,,,,,,,,,,,,,,,,,,,,,,,,,,,,,,,,50000
437,,,,,,,,,,,,,,,,,,,,,,,,,,,,,,,,,,,,,,,,,,,,,,,,,,,,,,,,,,,,,,,,,,,,,,,,,,,,,,,,,,,,,,,,,,,,,,,,,,,,,,,,,,,,,,,,,,,,,,,,,,,,,,,,,,,,,,,,,,,,,,,,,,,,,,,,,,,,,,,,,,,,,,,,,,,,,,,,,,,,,,,,,,,,,,,,,,,,,,,,,,,,,,,,,,,,,,,,,,,,,,,,,,,,,,,,,,,,,,,,,,,,,successful,4,,,,,,,,,,,cute,5,sleepy,4,,,,,,,,,,,,,adorable,2,,,wet,3,,,,,,,,,expensive,3,,,safe,3,,,dangerous,3,lazy,4,comfortable,2,excellent,4,,,,,talented,4,,,excellent,3,,,,,,,crazy,4,,,,,deadly,4,,,,,,,,,,,,,successful,3,,,violent,4,,,,,extreme,3,,,,,evil,3,insane,4,,,20935
633,,,,,,,,,empty,2,talented,1,empty,1,excellent,1,,,,,cute,3,,,,,,,,,,,,,proud,3,,,,,,,fresh,1,,,expensive,2,,,warm,1,,,,,excellent,1,illegal,3,lazy,1,,,,,,,,,excellent,2,,,,,,,,,,,,,,,,,,,,,wicked,2,tough,1,adorable,4,,,,,,,,,warm,2,,,hilarious,1,,,,,clear,1,crazy,2,,,,,,,,,,,,,,,,,,,,,,,,,,,,,,,,,,,,,,,,,,,,,,,,,,,,,,,,,,,,,,,,,,,,,,,,,,,,,,,,,,,,,,,,,,,,,,,,,,,,,,,,,,,,,,,,,,,,,,,,,,,,,,,,,,,,,,,,,,,,,,,,,,,,,,,,,,,,,,,,,,,,,,,,,,,,,,,,,,,,,,,,,,,,,,,,,,,,,,,,,,,,,,,,,,,,,,,,,,,,,,,,,,,,,,,,,,,,,,,,,11958
445,,,,,,,,,,,,,talented,4,,,cute,4,,,cute,3,,,wicked,4,creepy,2,dry,4,,,angry,3,lazy,4,sleepy,4,,,rough,4,,,,,hilarious,2,,,,,,,,,,,,,excellent,4,rough,4,excited,3,,,,,,,,,,,excellent,3,hungry,4,,,,,,,,,talented,4,,,excellent,4,,,,,excellent,4,,,,,,,,,excited,4,,,,,,,,,,,,,,,,,,,,,,,,,,,,,,,,,,,,,,,,,,,,,,,,,,,,,,,,,,,,,,,,,,,,,,,,,,,,,,,,,,,,,,,,,,,,,,,,,,,,,,,,,,,,,,,,,,,,,,,,,,,,,,,,,,,,,,,,,,,,,,,,,,,,,,,,,,,,,,,,,,,,,,,,,,,,,,,,,,,,,,,,,,,,,,,,,,,,,,,,,,,,,,,,,,,,,,,,,,,,,,,,,,,,,,,,,,,,,,,,,,,,,,,,,,,35064
1348,,,,,,,,,,,,,,,,,,,,,,,,,,,,,,,,,,,,,,,,,,,,,,,,,,,,,,,,,,,,,,,,,,,,,,,,,,,,,,,,,,,,,,,,,,,,,,,,,,,,,,,,,,,,,,,,,,,,,,,,,,,,,,,,,cute,4,,,empty,2,adorable,4,,,shy,3,,,,,,,creepy,3,,,,,,,,,,,cute,3,,,,,lazy,1,expensive,3,attractive,5,safe,3,,,dangerous,4,excellent,4,,,,,,,,,attractive,5,,,excellent,4.5,,,,,,,hungry,4,,,,,,,hilarious,4,,,,,excellent,5,,,,,,,sleepy,5,,,,,,,,,,,faithful,5,,,,,crazy,2,,,,,,,,,,,,,,,,,,,,,,,,,,,,,,,,,,,,,,,,,,,,,,,,,,,,,,,,,,,,,,,,,,,,,,,,,,,,,,,,,,,,,,,,,,,,,,,,,,,,,,,,,,,,,,,,,,,,,,,,,20131
341,,,,,,,,,,,,,,,,,,,,,,,,,,,,,,,,,,,,,,,,,,,,,,,,,,,,,,,,,,,,,,,,,,,,,,,,,,,,,,,,,,,,,,,,,,,,,,,,,,,,,,,,,,,,,,,,,,,,,,,,,,,,,,,,,,,,,,,,,,,,,,,,,,,,,,,,,,,,,,,,,,,,,,,,,,,,,,,,,,,,,,,,,,,,,,,,,,,,,,,,,,,,,,,,,,,,,,,,,,,,,,,,,,,,,,,,,,,,,,,,,,,cute,2,,,,,,,,,,,excellent,1,,,,,cute,1,,,,,,,successful,3,,,,,,,,,,,rough,1,,,,,,,excited,2,,,,,,,excellent,4,,,,,,,,,talented,1,,,,,,,cute,4.5,excellent,3,,,excellent,1,dirty,2,,,,,excited,1,warm,2,,,tough,2,extreme,2,,,cute,1,,,violent,2,,,,,,,comfortable,3,,,,,excellent,5,45477
370,,,,,successful,4,adorable,3,,,stunning,3,,,,,,,,,,,,,,,,,,,,,,,,,,,cute,4,,,talented,3,lazy,3,,,,,warm,3,,,,,excellent,3,comfortable,3,,,,,,,,,attractive,3,excellent,3.5,shy,3,,,,,,,,,healthy,3,excited,4,,,,,hilarious,3,,,,,adorable,4,,,,,,,adorable,3,,,,,,,rough,4,attractive,5,,,crazy,3,,,,,,,,,,,,,,,,,,,,,,,,,,,,,,,,,,,,,,,,,,,,,,,,,,,,,,,,,,,,,,,,,,,,,,,,,,,,,,,,,,,,,,,,,,,,,,,,,,,,,,,,,,,,,,,,,,,,,,,,,,,,,,,,,,,,,,,,,,,,,,,,,,,,,,,,,,,,,,,,,,,,,,,,,,,,,,,,,,,,,,,,,,,,,,,,,,,,,,,,,,,,,,,,,,,,,,,,,,,,,,,,,,,,,,,,,,,,,,,,,34974
563,,,,,,,,,,,,,,,,,,,,,,,,,,,,,,,,,,,,,,,,,,,,,,,,,,,,,,,,,,,,,,,,,,,,,,,,,,,,,,,,,,,,,,,,,,,,,,,,,,,,,,,,,,,,,,,,,,,,,,,,,,,cute,2,,,,,,,talented,3,,,,,,,,,,,excellent,2,clean,4,dying,3,successful,2,,,,,,,,,wet,4,,,,,,,hilarious,4,attractive,4,,,,,,,,,,,,,rough,3,attractive,2,,,,,,,shy,3,cute,3,,,,,,,,,,,hilarious,2,,,,,excellent,3,clever,2,,,,,,,peaceful,3,,,dry,4,,,,,,,,,clear,3,excellent,2,,,,,,,,,,,,,,,,,,,,,,,,,,,,,,,,,,,,,,,,,,,,,,,,,,,,,,,,,,,,,,,,,,,,,,,,,,,,,,,,,,,,,,,,,,,,,,,,,,,,,,,,,,,,,,,,,,,,,,,,,42075
264,,,,,,,,,,,,,,,,,,,,,,,,,,,,,,,,,,,,,,,,,,,,,,,,,,,,,,,,,,,,,,,,,,,,,,,,,,,,,,,,,,,,,,,,,,,,,,,,,,,,,,,,,,,,,,,,,,,,,,,,,,,,,,,,,,,,,,,,,,,,,,,,,,,,,,,,,,,,,,,,,,,,,,,,,,,,,,,,,,,,,,,,,,,,,,,,,,,,,,,,,,,,,,,,,,,,,,,,,,,,,,,,,,,,,,,,,,,,,,,,,healthy,2,,,,,adorable,3,adorable,4,,,talented,3,difficult,2,,,sleepy,2,,,,,,,fat,1,successful,3,,,,,,,,,empty,4,,,talented,3,lazy,2,expensive,1,,,,,,,funny,3,,,,,,,empty,2,excited,5,,,,,,,,,cute,4,,,,,,,lazy,2,,,,,,,,,excellent,1,,,,,,,hilarious,2,,,violent,3,,,,,,,,,,,,,,,24442
403,,,,,,,,,,,,,,,,,,,,,,,,,,,,,,,,,,,,,,,,,,,,,,,,,,,,,,,,,,,,,,,,,,,,,,,,,,,,,,,,,,,,,,,,,,,,,,,,,,,,,,,,,,,,,,,,,,,,,,,,,tired,1,,,,,dumb,1,,,,,,,adorable,4,rough,3,hurt,3,,,,,,,,,,,,,adorable,4,lazy,4,,,,,,,fresh,2,,,,,,,safe,1,,,dangerous,4,,,,,,,,,,,,,attractive,2,,,,,,,wicked,4,hungry,4,hurt,3,,,excited,3,,,,,,,,,,,,,sexy,2,,,,,successful,4,,,creepy,3,excellent,3,rough,4,,,,,,,,,,,,,,,,,,,,,,,,,,,,,,,,,,,,,,,,,,,,,,,,,,,,,,,,,,,,,,,,,,,,,,,,,,,,,,,,,,,,,,,,,,,,,,,,,,,,,,,,,,,,,,,,,,,,,,,,,,,,,,,47695
744,,,,,,,,,,,,,,,,,,,,,,,,,,,,,,,,,,,,,,,,,,,,,,,,,,,,,,,,,,,,,,,,,,,,,,,,,,,,,,,,,,,,,,,,,,,,,,,,,,,,,,,,,,,,,,,,,,,,,,,,,,,adorable,4,,,dumb,3,,,stunning,3,talented,3,,,adorable,4,,,cute,5,,,,,,,successful,3,,,,,,,,,,,,,fresh,3,,,,,,,,,,,,,,,,,,,rough,3,attractive,3,,,illegal,3,,,shy,3,,,difficult,3,,,,,,,excellent,4,,,,,,,excellent,3,,,,,sexy,3,,,friendly,3,,,,,excited,3,,,,,attractive,5,excellent,3,,,,,,,,,,,,,,,,,,,,,,,,,,,,,,,,,,,,,,,,,,,,,,,,,,,,,,,,,,,,,,,,,,,,,,,,,,,,,,,,,,,,,,,,,,,,,,,,,,,,,,,,,,,,,,,,,,,,,,,,,,,25693
577,,,,,,,,,,,,,,,,,,,,,,,,,,,,,,,,,,,,,,,,,,,,,,,,,,,,,,,,,,,,,,,,,,,,,,,,,,,,,,,,,,,,,,,,,,,,,,,,,,,,,,,,,,,,,,,,,,,,,,,,,,,,,,,,,,,,,,,,,,,,,,,,,,,,,,,,,,,,,,,,,,,,,,,,,,,,,,,,,,,,,,,,,,,,,,,,,,,,,,,,,,,,,,,,,,,,,,,,,,,,,,,,,,,,,,,,,,,,,,,,,,,,,hungry,3,,,,,stunning,2,,,,,,,,,,,outdoor,4,clever,1,,,,,lazy,1,,,proud,2,,,,,sleepy,3,,,,,,,attractive,2,,,busy,2,,,,,,,,,,,,,,,illegal,3,,,outdoor,3,,,,,,,,,,,,,talented,4,excited,3,warm,5,,,tough,5,extreme,4,,,,,,,,,warm,2,excited,2,hilarious,2,faithful,4,,,,,,,16034
869,healthy,1,cute,1,,,,,cute,1,,,,,adorable,1,,,sleepy,1,,,hungry,1,,,,,,,excited,1,,,,,,,,,,,,,,,,,attractive,1,,,ugly,1,fat,1,,,,,,,,,,,deadly,1,,,,,,,cute,1,,,,,cute,1,,,,,talented,1,,,,,,,clever,1,,,,,cute,1,peaceful,1,,,warm,1,,,hilarious,1,,,,,excellent,1,,,,,,,,,,,,,,,,,,,,,,,,,,,,,,,,,,,,,,,,,,,,,,,,,,,,,,,,,,,,,,,,,,,,,,,,,,,,,,,,,,,,,,,,,,,,,,,,,,,,,,,,,,,,,,,,,,,,,,,,,,,,,,,,,,,,,,,,,,,,,,,,,,,,,,,,,,,,,,,,,,,,,,,,,,,,,,,,,,,,,,,,,,,,,,,,,,,,,,,,,,,,,,,,,,,,,,,,,,,,,,,,,,,,,,,,,,,,,,,,,,,36017
233,,,,,,,,,,,,,,,,,,,,,,,,,,,,,,,,,,,,,,,,,,,,,,,,,,,,,,,,,,,,,,,,,,,,,,,,,,,,,,,,,,,,,,,,,,,,,,,,,,,,,,,,,,,,,,,,,,,,,,,,,,,,,,,,,,,,,,,,,,,,,,,,,,,,,,,,,,,,,,,,,,,,,,,,,,,,,,,,,,,,,,,,,,,,,,,,,,,,,,,,,,,,,,,,,,,,,,,,,,,,,,,,,,,,,,,,,,,,,,,,,,,,,successful,3,,,,,,,,,,,cute,3,sleepy,3,cute,4,,,,,,,,,,,,,,,,,empty,2,,,fresh,3,lazy,3,talented,2,excited,3,warm,2,busy,3,,,,,,,,,,,,,,,,,,,shy,4,cute,5,,,crazy,3,cute,3,,,,,,,,,warm,2,,,tough,3,,,,,,,violent,2,violent,3,,,,,adorable,3,,,,,,,,,35903
550,,,outdoor,3,deadly,3,,,,,illegal,5,deadly,5,,,rough,4,,,,,,,,,,,,,stunning,5,,,,,,,empty,2,,,,,lazy,4,,,,,,,,,,,,,,,excellent,5,,,,,,,attractive,4,,,shy,4,weak,5,,,,,,,,,excited,4,hilarious,5,,,warm,2,,,,,adorable,5,excellent,5,,,,,violent,5,,,,,,,,,,,excellent,5,crazy,4,,,,,,,,,,,,,,,,,,,,,,,,,,,,,,,,,,,,,,,,,,,,,,,,,,,,,,,,,,,,,,,,,,,,,,,,,,,,,,,,,,,,,,,,,,,,,,,,,,,,,,,,,,,,,,,,,,,,,,,,,,,,,,,,,,,,,,,,,,,,,,,,,,,,,,,,,,,,,,,,,,,,,,,,,,,,,,,,,,,,,,,,,,,,,,,,,,,,,,,,,,,,,,,,,,,,,,,,,,,,,,,,,,,,,,,,,,,,,,,,,24868
345,,,,,,,,,empty,3,,,,,excellent,1,,,sleepy,3,cute,2,,,,,creepy,2,violent,2,,,angry,1,,,sleepy,4,,,rough,2,,,,,,,cute,5,warm,4,,,funny,4,excellent,4,illegal,1,,,,,excited,1,deadly,3,,,excellent,2,,,,,difficult,2,,,,,,,,,,,talented,3,,,,,tough,5,,,,,,,,,,,,,,,,,,,,,,,,,,,,,,,,,,,,,,,,,,,,,,,,,,,,,,,,,,,,,,,,,,,,,,,,,,,,,,,,,,,,,,,,,,,,,,,,,,,,,,,,,,,,,,,,,,,,,,,,,,,,,,,,,,,,,,,,,,,,,,,,,,,,,,,,,,,,,,,,,,,,,,,,,,,,,,,,,,,,,,,,,,,,,,,,,,,,,,,,,,,,,,,,,,,,,,,,,,,,,,,,,,,,,,,,,,,,,,,,,,,,,,,,,,,,,,,,,,,,,,,,,34732
2227,,,,,,,,,,,,,,,,,,,,,,,,,,,,,,,,,,,,,,,,,,,,,,,,,,,,,,,,,,,,,,,,,,,,,,,,,,,,,,,,,,,,,,,,,,,,,,,,,,,,,,,,,,,,,,,,,,,,,,,,,,,cute,2,,,,,,,,,deadly,1,,,,,hurt,3,,,,,,,creepy,3,successful,4,,,,,,,,,,,,,,,lazy,3,,,,,,,ugly,2,dangerous,2,,,comfortable,5,,,,,,,deadly,1,,,excellent,1,,,cute,5,excellent,4,,,,,,,,,,,,,,,excellent,1,clean,5,adorable,4,,,,,,,adorable,3,dry,3,,,excellent,3,,,,,,,crazy,2,,,,,,,,,,,,,,,,,,,,,,,,,,,,,,,,,,,,,,,,,,,,,,,,,,,,,,,,,,,,,,,,,,,,,,,,,,,,,,,,,,,,,,,,,,,,,,,,,,,,,,,,,,,,,,,,,,,,,,,,,13099
1640,,,,,,,,,,,,,,,,,,,,,,,,,,,,,,,,,,,,,,,,,,,,,,,,,,,,,,,,,,,,,,,,,,,,,,,,,,,,,,,,,,,,,,,,,,,,,,,,,,,,,,,,,,,,,,,,,,,,,,,,,,,,,,,,,,,,,,,,,,,,,,,,,,,,,,,,,,,,,,,,,,,,,,,,,,,,,,,,,,,,,,,,,,,,,,,,,,,,,,,,,,,,,,,,,,,,,,,,,,,,,,,,,,,,,,,,,,,,,,,,,,,,,,,,,,,,,talented,3,,,adorable,3,,,,,,,,,,,,,,,extreme,4,,,deadly,2,empty,2,,,,,,,,,,,safe,2,,,,,,,comfortable,3,lazy,3,,,,,,,illegal,4,excellent,4,outdoor,3,,,,,crazy,3,cute,3,,,excellent,3,,,,,,,wicked,2,,,,,sexy,2,,,peaceful,3,,,warm,3,,,,,,,attractive,2,clear,3,,,35204
406,healthy,3,,,,,nasty,1,,,,,,,,,,,,,,,hungry,5,wicked,3,,,,,,,,,proud,1,,,,,,,rough,1,,,hilarious,1,,,,,ugly,2,,,,,,,,,empty,1,,,,,,,,,,,,,,,hungry,4,excellent,1,healthy,2,,,,,,,,,excellent,5,,,,,,,cute,5,friendly,1,,,warm,4,creepy,5,excellent,2,rough,4,evil,3,,,,,,,,,,,,,,,,,,,,,,,,,,,,,,,,,,,,,,,,,,,,,,,,,,,,,,,,,,,,,,,,,,,,,,,,,,,,,,,,,,,,,,,,,,,,,,,,,,,,,,,,,,,,,,,,,,,,,,,,,,,,,,,,,,,,,,,,,,,,,,,,,,,,,,,,,,,,,,,,,,,,,,,,,,,,,,,,,,,,,,,,,,,,,,,,,,,,,,,,,,,,,,,,,,,,,,,,,,,,,,,,,,,,,,,,,,,,,,,,,,,,,47927
646,,,,,,,,,,,,,,,,,,,,,,,,,,,,,,,,,,,,,,,,,,,,,,,,,,,,,,,,,,,,,,,,,,,,,,,,,,,,,,,,,,,,,,,,,,,,,,,,,,,,,,,,,,,,,,,,,,,,,,,,,tired,1,,,deadly,1,,,,,,,,,,,,,hurt,1,,,,,clean,1,,,,,,,adorable,1,attractive,2,,,cute,1,,,,,lazy,1,,,,,angry,1,,,fat,1,,,nasty,1,,,,,,,,,,,,,,,,,,,crazy,1,hurt,1,,,,,,,,,hilarious,1,,,,,adorable,1,,,hilarious,1,,,adorable,1,dry,1,,,adorable,1,rough,1,,,,,,,,,,,,,,,,,,,,,,,,,,,,,,,,,,,,,,,,,,,,,,,,,,,,,,,,,,,,,,,,,,,,,,,,,,,,,,,,,,,,,,,,,,,,,,,,,,,,,,,,,,,,,,,,,,,,,,,,,,,,,,,16419
717,,,,,,,,,,,,,,,,,,,,,,,,,,,,,,,,,,,,,,,,,,,,,,,,,,,,,,,,,,,,,,,,,,,,,,,,,,,,,,,,,,,,,,,,,,,,,,,,,,,,,,,,,,,,,,,,,,,,,,,,,,,,,,,,,,,,,,,,,,,,,,,,,,,,,,,,,,,,,,,,,,,,,,,,,,,,,,,,,,,,,,,,,,,,,,,,,,,,,,,,,,,,,,,,,,,,,,,,,,,,,,,,,,,,,,,,,,,,,,,,,,,outdoor,2,,,,,cute,3,,,,,,,,,,,,,excellent,2,wicked,1.5,dying,1,violent,2,lazy,2,,,,,,,,,sleepy,1,,,,,,,,,,,,,,,excellent,2,nasty,2,,,empty,1,excited,2,,,,,excellent,3,,,,,,,,,,,,,,,talented,1,excited,1,,,,,,,,,,,cute,1,,,,,funny,2,creepy,2,,,,,evil,1,,,excellent,3,19213
265,tired,2,,,,,,,,,talented,2,,,difficult,4,,,,,,,hungry,2,wicked,3,,,successful,4,,,,,proud,2,,,,,,,,,,,,,,,,,,,dangerous,2,excellent,3,,,lazy,3,rough,2,,,deadly,3,,,,,,,,,,,,,,,,,,,,,,,warm,4,,,tough,4,,,,,,,friendly,4,,,warm,3,,,excellent,2,rough,4,evil,2,,,crazy,3,,,,,,,,,,,,,,,,,,,,,,,,,,,,,,,,,,,,,,,,,,,,,,,,,,,,,,,,,,,,,,,,,,,,,,,,,,,,,,,,,,,,,,,,,,,,,,,,,,,,,,,,,,,,,,,,,,,,,,,,,,,,,,,,,,,,,,,,,,,,,,,,,,,,,,,,,,,,,,,,,,,,,,,,,,,,,,,,,,,,,,,,,,,,,,,,,,,,,,,,,,,,,,,,,,,,,,,,,,,,,,,,,,,,,,,,,,,,,,,,,29847
536,,,,,,,,,,,,,,,,,,,,,,,,,,,,,,,,,,,,,,,,,,,,,,,,,,,,,,,,,,,,,,,,,,,,,,,,,,,,,,,,,,,,,,,,,,,,,,,,,,,,,,,,,,,,,,,,,,,,,,,,,,,,,,,,,,,,,,,,,,,,,,,,,,,,,,,,,,,,,,,,,,,,,,,,,,,,,,,,,,,,,,,,,,,,,,,,,,,,,,,,,,,,,,,,,,,,,,,,,,,,,,,,,,,,,,,,,,,,,,,,,gorgeous,3,,,,,adorable,3,,,illegal,2,talented,2,excellent,4,,,,,,,,,,,,,,,,,extreme,3,attractive,4,sleepy,4,,,,,,,,,,,,,,,,,dangerous,4,,,,,lazy,3,,,,,talented,3,illegal,4,,,,,,,excellent,2,,,,,healthy,4,excited,2,,,,,,,excellent,2,,,extreme,2,sexy,4,,,,,,,,,,,,,comfortable,4,,,clear,3,,,39801
565,,,,,,,,,,,,,,,,,,,,,,,,,,,,,,,,,,,,,,,,,,,,,,,,,,,,,,,,,,,,,,,,,,,,,,,,,,,,,,,,,,,,,,,,,,,,,,,,,,,,,,,,,,,,,,,,,,,,,,,,,,,,,,,,,,,,,,,,,,,,,,,,,,,,,,,,,,,,,,,,,,,,,,,,,,,,,,,,,,,,,,,,,,,,,,,,,,,,,,,,,,,,,,,,,,,,,,,,,,,,,,,,,,,,,,,,,,,,,,,,,healthy,2,,,,,adorable,1,,,,,talented,4,,,,,,,,,,,wicked,3,fat,2,,,,,,,,,,,,,,,fresh,1,,,,,,,,,busy,1,dangerous,1,,,,,excellent,1,,,,,,,,,,,shy,5,cute,5,,,crazy,1,,,lazy,5,excellent,1,,,excited,1,,,,,,,extreme,1,,,,,peaceful,5,,,,,,,,,faithful,5,,,excellent,4,crazy,1,38976
432,,,,,hungry,4,,,,,,,,,,,,,sleepy,3,cute,2,,,,,,,,,,,adorable,2,,,wet,5,,,rough,3,,,bitter,1,,,,,,,,,,,,,illegal,3,,,,,,,,,attractive,3,,,outdoor,3,,,excellent,2,,,excellent,3,healthy,2,excited,3,hilarious,3,talented,2,,,,,,,adorable,4,,,cute,4,,,violent,3,,,excited,2,,,,,,,,,,,,,,,,,,,,,,,,,,,,,,,,,,,,,,,,,,,,,,,,,,,,,,,,,,,,,,,,,,,,,,,,,,,,,,,,,,,,,,,,,,,,,,,,,,,,,,,,,,,,,,,,,,,,,,,,,,,,,,,,,,,,,,,,,,,,,,,,,,,,,,,,,,,,,,,,,,,,,,,,,,,,,,,,,,,,,,,,,,,,,,,,,,,,,,,,,,,,,,,,,,,,,,,,,,,,,,,,,,,,,,,,,,,,,,,,,,,,,,,,,,,27926
348,,,,,,,,,,,,,,,,,,,,,,,,,,,,,,,,,,,,,,,,,,,,,,,,,,,,,,,,,,,,,,,,,,,,,,,,,,,,,,,,,,,,,,,,,,,,,,,,,,,,,,,,,,,,,,,,,,,,,,,,,tired,3,,,,,,,empty,3,,,empty,2,adorable,3,,,,,,,excellent,1,,,,,,,,,adorable,3,,,,,cute,2,,,,,,,,,,,,,ugly,3,,,excellent,2,comfortable,2,,,,,,,,,illegal,2,,,,,weak,2,,,hungry,4,,,,,,,talented,3,,,,,,,clean,3,,,,,sleepy,2,,,,,dry,2,excited,3,hilarious,3,,,attractive,4,,,,,,,,,,,,,,,,,,,,,,,,,,,,,,,,,,,,,,,,,,,,,,,,,,,,,,,,,,,,,,,,,,,,,,,,,,,,,,,,,,,,,,,,,,,,,,,,,,,,,,,,,,,,,,,,,,,,,,,,,,,,,42962
338,,,,,,,,,,,,,,,,,,,,,,,,,,,,,,,,,,,,,,,,,,,,,,,,,,,,,,,,,,,,,,,,,,,,,,,,,,,,,,,,,,,,,,,,,,,,,,,,,,,,,,,,,,,,,,,,,,,,,,,,,,,,,,,,,,,,,,,,,,,,,,,,,,,,,,,,,,,,,,,,,,,,,,,,,,,,,,,,,,,,,,,,,,,,,,,,,,,,,,,,,,,,,,,,,,,,,,,,,,,,,,,,,,,,,,,,,,,,,,,,,,,,,successful,1,,,cute,5,,,,,,,,,,,,,,,,,,,successful,1,stunning,1,extreme,1,proud,1,deadly,3,,,sleepy,3,,,violent,2,talented,2,,,safe,1,,,,,,,comfortable,2,,,empty,1,excited,4,,,,,excellent,1,,,,,,,,,,,,,,,talented,5,,,,,,,tough,1,,,,,,,,,violent,2,dry,2,extreme,1,,,,,,,,,,,24877
433,,,,,,,,,,,,,,,,,,,,,,,,,,,,,,,,,,,,,,,,,,,,,,,,,,,,,,,,,,,,,,,,,,,,,,,,,,,,,,,,,,,,,,,,,,,,,,,,,,,,,,,,,,,,,,,,,,,,,,,,,,,,,,,,,,,,,,,,,,,,,,,,,,,,,,,,,,,,,,,,,,,,,,,,,,,,,,,,,,,,,,,,,,,,,,,,,,,,,,,,,,,,,,,,,,,,,,,,,,,,,,,,,,,,,,,,,,,,,,,,,,,cute,2,,,,,,,stunning,1,,,excellent,2,adorable,4,sleepy,1,cute,1,excellent,2,,,,,,,,,,,,,,,empty,1,,,,,,,,,excited,3,,,,,,,lazy,1,,,,,,,,,talented,5,illegal,1,,,,,,,excellent,1,,,hurt,1,,,,,,,,,sexy,3,wicked,2,,,,,sexy,3,cute,2,,,,,,,,,hilarious,3,,,clean,2,,,,,38351
521,,,cute,1,,,adorable,1,empty,1,,,deadly,3,,,cute,1,,,,,,,,,creepy,2,,,excited,2,,,,,,,empty,2,,,rough,2,,,expensive,1,attractive,3,warm,1,ugly,2,,,,,,,,,,,attractive,3,,,,,excellent,1,,,talented,1,,,hungry,3,,,,,,,,,,,,,excellent,3,,,,,excellent,1,,,,,,,,,,,,,,,,,excellent,1,,,,,,,,,,,,,,,,,,,,,,,,,,,,,,,,,,,,,,,,,,,,,,,,,,,,,,,,,,,,,,,,,,,,,,,,,,,,,,,,,,,,,,,,,,,,,,,,,,,,,,,,,,,,,,,,,,,,,,,,,,,,,,,,,,,,,,,,,,,,,,,,,,,,,,,,,,,,,,,,,,,,,,,,,,,,,,,,,,,,,,,,,,,,,,,,,,,,,,,,,,,,,,,,,,,,,,,,,,,,,,,,,,,,,,,,,,,,,,,,,,,39332
283,,,,,,,,,,,,,,,,,,,,,,,,,,,,,,,,,,,,,,,,,,,,,,,,,,,,,,,,,,,,,,,,,,,,,,,,,,,,,,,,,,,,,,,,,,,,,,,,,,,,,,,,,,,,,,,,,,,,,,,,,,,,,,,,,,,,,,,,,,,,,,,,,,,,,,,,,,,,,,,,,,,,,,,,,,,,,,,,,,,,,,,,,,,,,,,,,,,,,,,,,,,,,,,,,,,,,,,,,,,,,,,,,,,,,,,,,,,,,,,,,gorgeous,4,adorable,2,successful,4,,,,,,,,,,,cute,4,,,,,,,,,,,,,,,,,,,,,empty,2,,,,,,,talented,3,attractive,3,warm,4,comfortable,2,,,excellent,5,,,,,empty,4,,,,,,,excellent,4.5,shy,3,talented,5,,,,,cute,4,dirty,2,,,,,excited,4,,,,,tough,4,,,,,cute,3,,,,,,,,,,,,,,,excellent,4,,,49089
584,,,,,,,,,,,,,,,,,,,,,,,,,,,,,,,,,,,,,,,,,,,,,,,,,,,,,,,,,,,,,,,,,,,,,,,,,,,,,,,,,,,,,,,,,,,,,,,,,,,,,,,,,,,,,,,,,,,,,,,,,healthy,2,,,deadly,1,,,,,,,deadly,1,,,,,,,cute,4,excellent,1,,,,,,,,,adorable,1,,,deadly,3,,,excited,1,,,,,,,excited,1,safe,2.5,,,,,fat,3.5,,,,,empty,3,excited,1,attractive,2,,,,,,,,,,,,,,,,,,,,,excited,3,hilarious,1,excellent,1,,,,,,,,,,,,,,,excited,1,,,rough,2,attractive,3,,,,,,,,,,,,,,,,,,,,,,,,,,,,,,,,,,,,,,,,,,,,,,,,,,,,,,,,,,,,,,,,,,,,,,,,,,,,,,,,,,,,,,,,,,,,,,,,,,,,,,,,,,,,,,,,,,,,,,,,,,,,,17163
773,,,,,,,,,,,,,,,,,,,,,,,,,,,,,,,,,,,,,,,,,,,,,,,,,,,,,,,,,,,,,,,,,,,,,,,,,,,,,,,,,,,,,,,,,,,,,,,,,,,,,,,,,,,,,,,,,,,,,,,,,,,adorable,4,,,adorable,3,empty,3,,,,,,,cute,4,shy,4,,,,,,,dying,1,,,lazy,5,,,attractive,5,,,,,,,rough,2,,,,,,,,,,,dangerous,4,,,comfortable,2,,,,,,,,,,,,,shy,5,,,,,hungry,4,excellent,2,dirty,4,,,,,,,,,,,clever,1,adorable,3,,,,,peaceful,3,,,warm,3,,,,,,,,,,,crazy,1,,,,,,,,,,,,,,,,,,,,,,,,,,,,,,,,,,,,,,,,,,,,,,,,,,,,,,,,,,,,,,,,,,,,,,,,,,,,,,,,,,,,,,,,,,,,,,,,,,,,,,,,,,,,,,,,,,,,,,,,,10674
370,tired,1,,,,,,,empty,1,,,,,adorable,1,,,,,,,hungry,3,,,,,,,stunning,2,,,,,,,empty,1,,,,,,,expensive,2,cute,2,,,,,fat,1,excellent,1,,,deadly,1,,,,,deadly,1,,,deadly,1,outdoor,1,,,difficult,1,comfortable,2,,,healthy,1.5,,,deadly,1,,,hilarious,2,excellent,1,,,,,,,,,,,,,,,,,,,,,,,,,,,,,,,,,,,,,,,,,,,,,,,,,,,,,,,,,,,,,,,,,,,,,,,,,,,,,,,,,,,,,,,,,,,,,,,,,,,,,,,,,,,,,,,,,,,,,,,,,,,,,,,,,,,,,,,,,,,,,,,,,,,,,,,,,,,,,,,,,,,,,,,,,,,,,,,,,,,,,,,,,,,,,,,,,,,,,,,,,,,,,,,,,,,,,,,,,,,,,,,,,,,,,,,,,,,,,,,,,,,,,,,,,,,,,,,,,,,,,,,,,,,47777
362,,,,,,,,,,,,,,,,,,,,,,,,,,,,,,,,,,,,,,,,,,,,,,,,,,,,,,,,,,,,,,,,,,,,,,,,,,,,,,,,,,,,,,,,,,,,,,,,,,,,,,,,,,,,,,,,,,,,,,,,,,,,,,,,,,,,,,,,,,,,,,,,,,,,,,,,,,,,,,,,,,,,,,,,,,,,,,,,,,,,,,,,,,,,,,,,,,,,,,,,,,,,,,,,,,,,,,,,,,,,,,,,,,,,,,,,,,,,,,,,,,,,,,,,,,,talented,4,talented,4,,,,,,,,,excellent,4,,,creepy,1,,,stunning,4,extreme,3,,,sleepy,3,,,sleepy,4,,,,,,,,,,,,,funny,3,,,,,,,,,,,,,illegal,5,,,,,,,excellent,1,,,,,,,excellent,2,,,,,,,,,,,deadly,3,sexy,5,,,peaceful,4,,,warm,3,extreme,2,adorable,4,comfortable,4,,,,,excellent,3,39284
556,,,,,,,nasty,1,,,talented,1,deadly,1,,,,,sleepy,1,confused,1,,,,,,,,,,,,,,,,,,,rough,1,,,,,,,,,,,,,,,,,comfortable,1,,,rough,1,attractive,1,,,,,,,,,talented,1,,,,,cute,1,,,,,,,,,,,,,,,adorable,1,successful,1,,,,,violent,1,warm,1,excited,1,excellent,1,,,evil,1,excellent,1,crazy,1,,,,,,,,,,,,,,,,,,,,,,,,,,,,,,,,,,,,,,,,,,,,,,,,,,,,,,,,,,,,,,,,,,,,,,,,,,,,,,,,,,,,,,,,,,,,,,,,,,,,,,,,,,,,,,,,,,,,,,,,,,,,,,,,,,,,,,,,,,,,,,,,,,,,,,,,,,,,,,,,,,,,,,,,,,,,,,,,,,,,,,,,,,,,,,,,,,,,,,,,,,,,,,,,,,,,,,,,,,,,,,,,,,,,,,,,,,,,,,,,,49194
175,,,,,,,,,,,,,,,,,,,,,,,,,,,,,,,,,,,,,,,,,,,,,,,,,,,,,,,,,,,,,,,,,,,,,,,,,,,,,,,,,,,,,,,,,,,,,,,,,,,,,,,,,,,,,,,,,,,,,,,,,,,,,,,,,,,,,,,,,,,,,,,,,,,,,,,,,,,,,,,,,,,,,,,,,,,,,,,,,,,,,,,,,,,,,,,,,,,,,,,,,,,,,,,,,,,,,,,,,,,,,,,,,,,,,,,,,,,,,,,,,gorgeous,3,outdoor,3,,,,,,,,,,,,,,,,,,,excellent,3,wicked,3,fat,3,,,,,,,,,,,cute,3,,,,,,,,,attractive,3,,,busy,3,,,,,,,excellent,3,,,,,,,illegal,3,excellent,3,outdoor,3,,,excellent,3,,,,,dirty,3,,,talented,3,,,warm,3,,,clever,3,adorable,3,,,,,,,,,warm,3,,,,,faithful,3,,,,,,,47817
566,,,,,,,,,,,,,,,,,,,,,,,,,,,,,,,,,,,,,,,,,,,,,,,,,,,,,,,,,,,,,,,,,,,,,,,,,,,,,,,,,,,,,,,,,,,,,,,,,,,,,,,,,,,,,,,,,,,,,,,,,,,,,,,,,,,talented,3,,,adorable,5,,,,,,,,,clever,3,,,dry,4,,,,,,,,,wet,2,,,,,lazy,2,hilarious,4,,,,,ugly,2,,,,,,,lazy,2,,,,,,,attractive,3,excellent,3,,,cute,2,difficult,5,,,,,,,excellent,2,talented,4,,,,,,,,,,,sexy,5,hilarious,2,,,successful,4,,,,,excellent,2,,,,,insane,2,,,,,,,,,,,,,,,,,,,,,,,,,,,,,,,,,,,,,,,,,,,,,,,,,,,,,,,,,,,,,,,,,,,,,,,,,,,,,,,,,,,,,,,,,,,,,,,,,,,,,,,,,,,,,,,,,,,,,,,,,,,35567
524,,,,,,,,,,,,,,,,,,,,,,,,,,,,,,,,,,,,,,,,,,,,,,,,,,,,,,,,,,,,,,,,,,,,,,,,,,,,,,,,,,,,,,,,,,,,,,,,,,,,,,,,,,,,,,,,,,,,,,,,,gorgeous,4,,,,,adorable,4,adorable,3,,,,,,,,,,,,,,,,,creepy,4,,,,,,,attractive,4,,,,,,,talented,4,bitter,4,,,excited,4,,,busy,4,,,excellent,4,,,,,,,,,,,faithful,4,,,,,talented,4,excellent,4,comfortable,4,,,,,excited,3,,,,,,,,,clean,4,adorable,4,successful,3,sleepy,3,violent,2,,,,,,,,,,,,,,,,,,,,,,,,,,,,,,,,,,,,,,,,,,,,,,,,,,,,,,,,,,,,,,,,,,,,,,,,,,,,,,,,,,,,,,,,,,,,,,,,,,,,,,,,,,,,,,,,,,,,,,,,,,,,,,,,,,,,,,,,,18810
329,,,,,,,,,,,,,,,,,,,,,,,,,,,,,,,,,,,,,,,,,,,,,,,,,,,,,,,,,,,,,,,,,,,,,,,,,,,,,,,,,,,,,,,,,,,,,,,,,,,,,,,,,,,,,,,,,,,,,,,,,,,,,,,,,,,,,,,,,,,,,,,,,,,,,,,,,,,,,,,,,,,,,,,,,,,,,,,,,,,,,,,,,,,,,,,,,,,,,,,,,,,,,,,,,,,,,,,,,,,,,,,,,,,,,,,,,,,,,,,,,,,,,successful,3,adorable,2,,,talented,2,talented,4,excellent,2,cute,3,,,,,,,,,,,,,,,adorable,1,proud,1,,,,,excited,2,,,,,talented,2,,,safe,1,,,,,,,comfortable,2,,,,,,,deadly,2,,,,,,,cute,3,,,,,,,,,excellent,2,,,talented,2,,,deadly,3,,,,,,,cute,1,,,,,,,excited,1,adorable,3,,,,,,,,,27922
301,,,,,,,,,,,,,,,,,,,,,,,,,,,,,,,,,,,,,,,,,,,,,,,,,,,,,,,,,,,,,,,,,,,,,,,,,,,,,,,,,,,,,,,,,,,,,,,,,,,,,,,,,,,,,,,,,,,,,,,,,,,cute,3,,,,,adorable,2,,,,,,,adorable,2,,,,,,,,,dying,1,,,,,adorable,3,,,sleepy,1,,,sleepy,1,,,bitter,1,,,cute,2,,,,,,,,,,,,,,,,,attractive,3,,,,,shy,3,,,,,crazy,1,,,healthy,3.5,excellent,1,talented,3,excited,1,,,wicked,1,tough,5,,,,,sleepy,2,,,,,,,,,adorable,1,,,,,,,,,,,,,,,,,,,,,,,,,,,,,,,,,,,,,,,,,,,,,,,,,,,,,,,,,,,,,,,,,,,,,,,,,,,,,,,,,,,,,,,,,,,,,,,,,,,,,,,,,,,,,,,,,,,,,,,,,,,,,,,,,23472
247,,,adorable,3,,,,,cute,5,talented,3,,,,,,,sleepy,5,,,,,,,,,violent,4,,,,,,,,,cute,5,,,,,lazy,1,,,,,warm,4,ugly,4,,,excellent,5,,,,,rough,5,,,,,attractive,5,excellent,5,shy,5,,,,,hungry,5,,,,,,,hilarious,5,,,,,excellent,5,,,,,,,,,,,,,warm,5,,,,,,,,,excellent,5,crazy,4,,,,,,,,,,,,,,,,,,,,,,,,,,,,,,,,,,,,,,,,,,,,,,,,,,,,,,,,,,,,,,,,,,,,,,,,,,,,,,,,,,,,,,,,,,,,,,,,,,,,,,,,,,,,,,,,,,,,,,,,,,,,,,,,,,,,,,,,,,,,,,,,,,,,,,,,,,,,,,,,,,,,,,,,,,,,,,,,,,,,,,,,,,,,,,,,,,,,,,,,,,,,,,,,,,,,,,,,,,,,,,,,,,,,,,,,,,,,,,,,,49183
431,,,,,,,,,,,,,,,,,,,,,,,,,,,,,,,,,,,,,,,,,,,,,,,,,,,,,,,,,,,,,,,,,,,,,,,,,,,,,,,,,,,,,,,,,,,,,,,,,,,,,,,,,,,,,,,,,,,,,,,,,,,,,,,dumb,3,,,,,,,excellent,4,,,,,confused,3,excellent,4,,,,,dry,4,,,,,proud,3,,,,,,,rough,4,,,,,,,safe,4,busy,3,,,fat,3,,,lazy,4,,,attractive,3,,,faithful,4,,,,,talented,4,wicked,3,,,,,,,,,,,,,,,,,,,adorable,4,,,,,,,,,funny,4,,,,,faithful,3,clean,4,excellent,4,,,,,,,,,,,,,,,,,,,,,,,,,,,,,,,,,,,,,,,,,,,,,,,,,,,,,,,,,,,,,,,,,,,,,,,,,,,,,,,,,,,,,,,,,,,,,,,,,,,,,,,,,,,,,,,,,,,,,,,,,,,39075
532,,,,,,,nasty,2,,,illegal,5,,,difficult,3,,,,,,,,,,,dying,3,dry,4,,,,,proud,3,,,,,,,rough,2,,,,,,,,,,,funny,4,,,,,,,,,empty,4,deadly,3,,,,,,,,,,,hungry,5,excellent,4,healthy,1,excited,4,,,illegal,4,,,,,tough,2,,,,,cute,3,,,violent,5,warm,4,,,,,rough,4,,,,,,,,,,,,,,,,,,,,,,,,,,,,,,,,,,,,,,,,,,,,,,,,,,,,,,,,,,,,,,,,,,,,,,,,,,,,,,,,,,,,,,,,,,,,,,,,,,,,,,,,,,,,,,,,,,,,,,,,,,,,,,,,,,,,,,,,,,,,,,,,,,,,,,,,,,,,,,,,,,,,,,,,,,,,,,,,,,,,,,,,,,,,,,,,,,,,,,,,,,,,,,,,,,,,,,,,,,,,,,,,,,,,,,,,,,,,,,,,,,,,,,,48683
256,,,,,,,,,,,,,,,,,,,,,,,,,,,,,,,,,,,,,,,,,,,,,,,,,,,,,,,,,,,,,,,,,,,,,,,,,,,,,,,,,,,,,,,,,,,,,,,,,,,,,,,,,,,,,,,,,,,,,,,,,,,,,,,,,,,,,,,,,,,,,,,,,,,,,,,,,,,,,,,,,,,,,,,,,,,,,,,,,,,,,,,,,,,,,,,,,,,,,,,,,,,,,,,,,,,,,,,,,,,,,,,,,,,,,,,,,,,,,,,,,,,,,deadly,3,adorable,2.5,,,,,,,,,,,sleepy,2,rough,3,,,wicked,2,fat,4,,,stunning,2,adorable,1,,,,,,,,,,,violent,1,,,,,,,,,funny,4,,,,,,,,,,,,,,,excellent,4,outdoor,2,talented,4,,,comfortable,2,,,,,,,,,excited,2,,,deadly,4,,,,,,,,,,,successful,1,,,,,adorable,3,faithful,4,evil,4,,,,,38811
581,,,,,,,,,,,,,,,,,,,,,,,,,,,,,,,,,,,,,,,,,,,,,,,,,,,,,,,,,,,,,,,,,,,,,,,,,,,,,,,,,,,,,,,,,,,,,,,,,,,,,,,,,,,,,,,,,,,,,,,,,,,cute,5,,,,,,,,,,,adorable,5,cute,3,shy,2,cute,2,excellent,4,,,,,,,stunning,2,adorable,4,,,,,,,,,,,,,expensive,3,,,warm,3,,,dangerous,3,,,,,excellent,4,,,,,,,,,excellent,4,shy,1,,,,,,,excellent,5,,,,,talented,5,excited,3,,,,,,,,,,,,,,,successful,3,,,,,,,rough,4,attractive,2,,,,,,,,,,,,,,,,,,,,,,,,,,,,,,,,,,,,,,,,,,,,,,,,,,,,,,,,,,,,,,,,,,,,,,,,,,,,,,,,,,,,,,,,,,,,,,,,,,,,,,,,,,,,,,,,,,,,,,,,,,,,,42621
476,,,,,,,,,,,,,,,,,,,,,,,,,,,,,,,,,,,,,,,,,,,,,,,,,,,,,,,,,,,,,,,,,,,,,,,,,,,,,,,,,,,,,,,,,,,,,,,,,,,,,,,,,,,,,,,,,,,,,,,,,,,,,,,,,,,,,,,,,,,,,,,,,,,,,,,,,,,,,,,,,,,,,,,,,,,,,,,,,,,,,,,,,,,,,,,,,,,,,,,,,,,,,,,,,,,,,,,,,,,,,,,,,,,,,,,,,,,,,,,,,,,,,,,,,adorable,4,,,,,,,,,sleepy,2,rough,4,,,,,,,successful,5,lazy,4,,,,,wet,3,,,,,talented,4,violent,1,,,,,,,,,dangerous,3,lazy,3,,,,,empty,2,excited,4,,,,,,,,,,,,,crazy,4,cute,5,,,,,,,,,,,,,,,,,excellent,2,,,violent,4,violent,3,,,,,,,,,evil,2,insane,3,excellent,5,34179
393,,,,,,,,,,,,,,,,,,,,,,,,,,,,,,,,,,,,,,,,,,,,,,,,,,,,,,,,,,,,,,,,,,,,,,,,,,,,,,,,,,,,,,,,,,,,,,,,,,,,,,,,,,,,,,,,,,,,,,,,,,,,,,,,,,,,,,,,,,,,,,,,,,,,,,,,,,,,,,,,,,,,,,,,,,,,,,,,,,,,,,,,,,,,,,,,,,,,,,,,,,,,,,,,,,,,,,,,,,,,,,,,,,,,,,,,,,,,,,,,,gorgeous,3,,,,,,,cute,3,talented,1,,,,,cute,4,,,,,,,,,,,violent,2,,,,,,,wet,2,cute,2,excited,2,,,,,,,,,safe,2,,,,,excellent,2,,,excellent,3,empty,2,,,attractive,3,,,,,,,,,,,,,,,lazy,2,,,,,,,,,,,tough,1,adorable,3,,,hilarious,1,peaceful,2,,,warm,4,,,,,,,,,excellent,2,,,34377
841,tired,3,,,,,,,empty,3,,,,,,,rough,2,sleepy,2,confused,1,,,,,,,,,,,,,,,sleepy,1,cute,5,,,,,,,expensive,2,,,,,ugly,3,,,excellent,1,illegal,4,deadly,2,,,,,,,attractive,3,,,,,,,,,,,,,,,,,hilarious,2,,,hilarious,1,,,,,,,,,,,friendly,1,,,,,,,hilarious,2,,,attractive,1,insane,1,crazy,2,,,,,,,,,,,,,,,,,,,,,,,,,,,,,,,,,,,,,,,,,,,,,,,,,,,,,,,,,,,,,,,,,,,,,,,,,,,,,,,,,,,,,,,,,,,,,,,,,,,,,,,,,,,,,,,,,,,,,,,,,,,,,,,,,,,,,,,,,,,,,,,,,,,,,,,,,,,,,,,,,,,,,,,,,,,,,,,,,,,,,,,,,,,,,,,,,,,,,,,,,,,,,,,,,,,,,,,,,,,,,,,,,,,,,,,,,,,,,,,,,30912
317,,,,,hungry,3,adorable,2,,,,,deadly,2,,,cute,2,,,cute,3,excellent,1,,,creepy,2,,,excited,2,adorable,2,,,,,,,,,,,,,hilarious,2,,,,,,,funny,2,,,,,,,,,,,attractive,1,,,,,,,,,excellent,1,,,,,healthy,2,,,,,excited,2,,,,,,,adorable,2,,,cute,2,friendly,1,,,,,,,excellent,2,rough,3,,,,,,,,,,,,,,,,,,,,,,,,,,,,,,,,,,,,,,,,,,,,,,,,,,,,,,,,,,,,,,,,,,,,,,,,,,,,,,,,,,,,,,,,,,,,,,,,,,,,,,,,,,,,,,,,,,,,,,,,,,,,,,,,,,,,,,,,,,,,,,,,,,,,,,,,,,,,,,,,,,,,,,,,,,,,,,,,,,,,,,,,,,,,,,,,,,,,,,,,,,,,,,,,,,,,,,,,,,,,,,,,,,,,,,,,,,,,,,,,,,,,,,,47247
362,,,,,,,,,,,,,,,,,,,,,,,,,,,,,,,,,,,,,,,,,,,,,,,,,,,,,,,,,,,,,,,,,,,,,,,,,,,,,,,,,,,,,,,,,,,,,,,,,,,,,,,,,,,,,,,,,,,,,,,,,,,cute,3,,,nasty,3,cute,4,,,talented,2,,,,,,,cute,5,,,,,,,,,lazy,4,,,,,,,,,,,rough,3,,,,,cute,3,,,,,,,,,,,,,empty,2,,,,,,,excellent,5,,,,,excellent,3,,,,,healthy,4,,,talented,2,,,warm,3,,,tough,3,,,successful,3.5,,,,,violent,4,warm,3,,,,,rough,4,,,,,crazy,4,,,,,,,,,,,,,,,,,,,,,,,,,,,,,,,,,,,,,,,,,,,,,,,,,,,,,,,,,,,,,,,,,,,,,,,,,,,,,,,,,,,,,,,,,,,,,,,,,,,,,,,,,,,,,,,,,,,,,,,,,26725
543,,,outdoor,1,,,,,,,,,,,,,,,,,,,,,wicked,4,,,,,,,,,proud,1,wet,4,cute,3,rough,3,rough,4,violent,3,,,excited,5,,,,,,,,,,,deadly,1,empty,2,,,,,,,deadly,2,,,weak,1,,,,,cute,2,,,,,,,,,,,,,tough,3,,,,,,,,,violent,5,warm,4,excited,4,,,,,evil,3,excellent,2,,,,,,,,,,,,,,,,,,,,,,,,,,,,,,,,,,,,,,,,,,,,,,,,,,,,,,,,,,,,,,,,,,,,,,,,,,,,,,,,,,,,,,,,,,,,,,,,,,,,,,,,,,,,,,,,,,,,,,,,,,,,,,,,,,,,,,,,,,,,,,,,,,,,,,,,,,,,,,,,,,,,,,,,,,,,,,,,,,,,,,,,,,,,,,,,,,,,,,,,,,,,,,,,,,,,,,,,,,,,,,,,,,,,,,,,,,,,,,,,,,,14366
467,,,,,,,,,,,,,,,,,,,,,,,,,,,,,,,,,,,,,,,,,,,,,,,,,,,,,,,,,,,,,,,,,,,,,,,,,,,,,,,,,,,,,,,,,,,,,,,,,,,,,,,,,,,,,,,,,,,,,,,,,tired,1,,,hungry,1,,,,,talented,1,empty,2,,,,,hurt,1,,,,,clean,2,,,,,lazy,1,,,,,,,cute,1,,,,,,,talented,1,,,,,,,dangerous,1,,,comfortable,1,,,empty,1,,,,,,,excellent,1,,,,,,,,,excellent,1,,,,,,,,,warm,1,,,,,,,sexy,2,,,violent,1,adorable,2,,,excited,1,,,,,,,,,crazy,1,,,,,,,,,,,,,,,,,,,,,,,,,,,,,,,,,,,,,,,,,,,,,,,,,,,,,,,,,,,,,,,,,,,,,,,,,,,,,,,,,,,,,,,,,,,,,,,,,,,,,,,,,,,,,,,,,,,,,,,,,35285
435,,,,,,,,,,,,,,,,,,,,,,,,,,,,,,,,,,,,,,,,,,,,,,,,,,,,,,,,,,,,,,,,,,,,,,,,,,,,,,,,,,,,,,,,,,,,,,,,,,,,,,,,,,,,,,,,,,,,,,,,,,,,,,,,,,,,,,,,,,,,,,,,,,,,,,,,,,,,,,,,,,,,,,,,,,,,,,,,,,,,,,,,,,,,,,,,,,,,,,,,,,,,,,,,,,,,,,,,,,,,,,,,,,,,,,,,,,,,,,,,,,,outdoor,1,,,,,,,,,talented,1,adorable,1,,,,,,,excellent,1,,,,,,,,,,,attractive,1,,,,,,,fresh,1,,,expensive,1,cute,1,,,comfortable,1,,,,,comfortable,1,,,,,excited,1,,,attractive,1,,,,,,,excellent,1,,,cute,2,,,excellent,1,hilarious,1,,,warm,3,,,,,,,successful,1,,,,,,,,,extreme,1,,,,,,,,,excellent,1,36886
172,,,,,,,,,,,,,,,,,,,,,,,,,,,,,,,,,,,,,,,,,,,,,,,,,,,,,,,,,,,,,,,,,,,,,,,,,,,,,,,,,,,,,,,,,,,,,,,,,,,,,,,,,,,,,,,,,,,,,,,,,gorgeous,4,,,,,,,,,stunning,4,,,,,,,,,,,excellent,4,wicked,4,,,successful,4,,,angry,4,,,,,empty,3,,,,,lazy,3,talented,2,,,safe,2,ugly,3,,,excellent,4,,,excellent,3,,,excited,3,attractive,3,,,,,,,,,,,comfortable,4,,,,,excited,3,,,excited,4,,,,,,,,,,,,,friendly,4,,,,,excited,2,,,,,,,,,,,,,,,,,,,,,,,,,,,,,,,,,,,,,,,,,,,,,,,,,,,,,,,,,,,,,,,,,,,,,,,,,,,,,,,,,,,,,,,,,,,,,,,,,,,,,,,,,,,,,,,,,,,,,,,,,,,,,,,,,,,37271
327,healthy,1,,,hungry,5,adorable,1,empty,2,,,,,,,cute,2,sleepy,4,cute,2,,,,,fat,1,,,,,,,,,,,,,,,fresh,2,,,,,,,,,,,,,excellent,4,,,,,,,excited,2,,,attractive,2,,,,,,,excellent,5,,,,,healthy,4,,,,,,,warm,2,,,tough,2,adorable,5,excellent,1,,,friendly,1,,,,,,,excellent,1,,,,,,,,,,,,,,,,,,,,,,,,,,,,,,,,,,,,,,,,,,,,,,,,,,,,,,,,,,,,,,,,,,,,,,,,,,,,,,,,,,,,,,,,,,,,,,,,,,,,,,,,,,,,,,,,,,,,,,,,,,,,,,,,,,,,,,,,,,,,,,,,,,,,,,,,,,,,,,,,,,,,,,,,,,,,,,,,,,,,,,,,,,,,,,,,,,,,,,,,,,,,,,,,,,,,,,,,,,,,,,,,,,,,,,,,,,,,,,,,,,,,,,,,,38034
965,,,adorable,3,hungry,3,,,,,,,talented,3,,,,,,,,,hungry,3,wicked,3,,,,,stunning,3,angry,3,,,,,,,rough,3,,,violent,3,,,excited,3,warm,3,,,,,,,,,,,insane,3,,,,,,,excellent,3,outdoor,3,talented,3,wicked,3,,,,,,,,,,,,,,,deadly,3,,,adorable,3,excellent,3,,,,,,,,,excited,3,,,,,,,,,,,,,,,,,,,,,,,,,,,,,,,,,,,,,,,,,,,,,,,,,,,,,,,,,,,,,,,,,,,,,,,,,,,,,,,,,,,,,,,,,,,,,,,,,,,,,,,,,,,,,,,,,,,,,,,,,,,,,,,,,,,,,,,,,,,,,,,,,,,,,,,,,,,,,,,,,,,,,,,,,,,,,,,,,,,,,,,,,,,,,,,,,,,,,,,,,,,,,,,,,,,,,,,,,,,,,,,,,,,,,,,,,,,,,,,,,,,,,,,,,,,18331
820,gorgeous,3,,,,,,,,,talented,5,,,excellent,1,,,,,,,,,,,,,,,excited,3,adorable,3,,,,,,,rough,3,,,,,expensive,5,excited,4,,,,,funny,3,,,comfortable,1,excellent,2,,,attractive,4,,,,,,,,,,,,,hungry,4.5,hurt,2,,,deadly,5,,,talented,3,hilarious,3,excellent,3,,,,,successful,1,,,,,,,,,,,,,,,evil,3,,,,,,,,,,,,,,,,,,,,,,,,,,,,,,,,,,,,,,,,,,,,,,,,,,,,,,,,,,,,,,,,,,,,,,,,,,,,,,,,,,,,,,,,,,,,,,,,,,,,,,,,,,,,,,,,,,,,,,,,,,,,,,,,,,,,,,,,,,,,,,,,,,,,,,,,,,,,,,,,,,,,,,,,,,,,,,,,,,,,,,,,,,,,,,,,,,,,,,,,,,,,,,,,,,,,,,,,,,,,,,,,,,,,,,,,,,,,,,,,,,,,,43367
497,,,,,,,,,,,,,,,,,,,,,,,,,,,,,,,,,,,,,,,,,,,,,,,,,,,,,,,,,,,,,,,,,,,,,,,,,,,,,,,,,,,,,,,,,,,,,,,,,,,,,,,,,,,,,,,,,,,,,,,,,,,,,hungry,5,,,,,,,,,adorable,4,rough,4,shy,3,,,,,,,dying,2,,,,,,,attractive,4,deadly,2,,,sleepy,4,,,,,,,,,,,,,dangerous,4,,,nasty,4,,,,,,,,,attractive,3,,,deadly,4,cute,3,,,,,hurt,3,,,,,,,,,,,excellent,2,,,adorable,4,,,sleepy,1,,,,,,,,,excellent,1,,,attractive,4,insane,1,,,,,,,,,,,,,,,,,,,,,,,,,,,,,,,,,,,,,,,,,,,,,,,,,,,,,,,,,,,,,,,,,,,,,,,,,,,,,,,,,,,,,,,,,,,,,,,,,,,,,,,,,,,,,,,,,,,,,,,,,,,38624
476,,,,,,,,,,,,,deadly,3,adorable,2,,,,,,,hungry,4,wicked,2,,,dry,1,,,,,proud,2,sleepy,2,,,,,,,,,,,,,safe,4,ugly,1,,,,,illegal,2,,,,,,,deadly,2,,,,,shy,3,talented,2,,,,,,,,,excellent,2,hilarious,3,,,,,,,,,,,,,sleepy,3,,,violent,3,,,creepy,2,,,rough,2,,,,,crazy,2,,,,,,,,,,,,,,,,,,,,,,,,,,,,,,,,,,,,,,,,,,,,,,,,,,,,,,,,,,,,,,,,,,,,,,,,,,,,,,,,,,,,,,,,,,,,,,,,,,,,,,,,,,,,,,,,,,,,,,,,,,,,,,,,,,,,,,,,,,,,,,,,,,,,,,,,,,,,,,,,,,,,,,,,,,,,,,,,,,,,,,,,,,,,,,,,,,,,,,,,,,,,,,,,,,,,,,,,,,,,,,,,,,,,,,,,,,,,,,,,,47377
301,,,,,,,,,,,,,,,,,,,,,,,,,,,,,,,,,,,,,,,,,,,,,,,,,,,,,,,,,,,,,,,,,,,,,,,,,,,,,,,,,,,,,,,,,,,,,,,,,,,,,,,,,,,,,,,,,,,,,,,,,,,,,,,,,,,,,,,,,,,,,,,,,,,,,,,,,,,,,,,,,,,,,,,,,,,,,,,,,,,,,,,,,,,,,,,,,,,,,,,,,,,,,,,,,,,,,,,,,,,,,,,,,,,,,,,,,,,,,,,,,,,adorable,5,,,nasty,1,,,,,,,,,,,,,,,,,,,creepy,1,dry,1,,,adorable,3,lazy,5,,,,,rough,5,,,bitter,3,,,attractive,5,warm,5,,,fat,5,,,,,excellent,5,,,attractive,3,attractive,5,,,,,shy,5,,,,,hungry,5,,,,,,,,,talented,5,,,excellent,5,,,,,,,,,,,successful,5,,,,,,,,,clean,1,,,,,34414
381,,,,,,,,,,,,,,,,,,,,,,,,,,,,,,,,,,,,,,,,,,,,,,,,,,,,,,,,,,,,,,,,,,,,,,,,,,,,,,,,,,,,,,,,,,,,,,,,,,,,,,,,,,,,,,,,,,,,,,,,,,,,,,,,,,,,,,,,,,,,,,,,,,,,,,,,,,,,,,,,,,,,,,,,,,,,,,,,,,,,,,,,,,,,,,,,,,,,,,,,,,,,,,,,,,,,,,,,,,,,,,,,,,,,,,,,,,,,,,,,,gorgeous,3,,,successful,2,,,adorable,3,,,talented,3,excellent,3,,,sleepy,2.5,,,excellent,3,,,,,,,,,,,,,deadly,4,,,,,,,,,talented,1,,,,,,,,,lazy,3,illegal,4,,,,,,,,,,,excellent,5,,,cute,5,,,,,excellent,3,lazy,4,,,,,,,,,,,,,,,excellent,3,,,peaceful,3,,,warm,4,,,adorable,3,,,,,,,excellent,5,10565
313,,,,,,,nasty,4,,,,,deadly,5,,,rough,1,,,,,,,,,fat,3,,,,,,,,,,,,,rough,5,rough,4,,,,,,,,,,,,,,,,,,,,,attractive,4,deadly,3,,,deadly,3,deadly,3,,,wicked,4,hungry,3,,,,,deadly,4,,,excited,4,hilarious,5,,,,,adorable,4,successful,2,,,,,,,,,,,,,rough,4,evil,4,,,crazy,5,,,,,,,,,,,,,,,,,,,,,,,,,,,,,,,,,,,,,,,,,,,,,,,,,,,,,,,,,,,,,,,,,,,,,,,,,,,,,,,,,,,,,,,,,,,,,,,,,,,,,,,,,,,,,,,,,,,,,,,,,,,,,,,,,,,,,,,,,,,,,,,,,,,,,,,,,,,,,,,,,,,,,,,,,,,,,,,,,,,,,,,,,,,,,,,,,,,,,,,,,,,,,,,,,,,,,,,,,,,,,,,,,,,,,,,,,,,,,,,,,36085
451,,,,,,,,,,,,,,,,,,,,,,,,,,,,,,,,,,,,,,,,,,,,,,,,,,,,,,,,,,,,,,,,,,,,,,,,,,,,,,,,,,,,,,,,,,,,,,,,,,,,,,,,,,,,,,,,,,,,,,,,,,,,,,,nasty,2,,,stunning,3,,,,,,,,,cute,3,outdoor,1,clever,2,creepy,1,,,,,,,,,,,,,,,,,,,talented,4,,,,,ugly,3,,,,,,,,,,,excited,2,,,,,,,,,cute,3,,,,,excellent,3,,,,,,,,,warm,2,,,clever,1,adorable,2,,,hilarious,1,peaceful,3,,,,,extreme,2,hilarious,1,faithful,1,,,,,wet,3,,,,,,,,,,,,,,,,,,,,,,,,,,,,,,,,,,,,,,,,,,,,,,,,,,,,,,,,,,,,,,,,,,,,,,,,,,,,,,,,,,,,,,,,,,,,,,,,,,,,,,,,,,,,,,,,,,,,,,,,,15659
334,gorgeous,2,,,hungry,4.5,,,empty,4,,,,,excellent,3,,,sleepy,3,,,,,,,,,violent,2,,,angry,2,proud,4,,,,,,,,,lazy,2,expensive,4,attractive,3,warm,5,ugly,4,funny,2,,,,,deadly,4,rough,2,,,,,attractive,4,,,,,,,,,,,,,healthy,4,,,,,,,,,,,,,,,,,,,,,,,,,excited,4,,,,,,,excellent,2.5,,,,,,,,,,,,,,,,,,,,,,,,,,,,,,,,,,,,,,,,,,,,,,,,,,,,,,,,,,,,,,,,,,,,,,,,,,,,,,,,,,,,,,,,,,,,,,,,,,,,,,,,,,,,,,,,,,,,,,,,,,,,,,,,,,,,,,,,,,,,,,,,,,,,,,,,,,,,,,,,,,,,,,,,,,,,,,,,,,,,,,,,,,,,,,,,,,,,,,,,,,,,,,,,,,,,,,,,,,,,,,,,,,,,,,,,,,,,,,,,,,,21788
278,,,,,,,,,,,,,,,,,,,,,,,,,,,,,,,,,,,,,,,,,,,,,,,,,,,,,,,,,,,,,,,,,,,,,,,,,,,,,,,,,,,,,,,,,,,,,,,,,,,,,,,,,,,,,,,,,,,,,,,,,healthy,2,cute,5,,,,,empty,3,,,,,,,,,,,,,,,,,,,successful,4,stunning,3,adorable,5,,,,,,,rough,4,fresh,2,,,,,attractive,3,,,,,,,,,nasty,4,lazy,3,empty,4,,,attractive,5,,,,,,,,,difficult,5,crazy,1,,,healthy,2,excellent,3,talented,5,,,,,excellent,3,,,,,,,,,,,,,dry,2,,,,,,,,,,,,,,,,,,,,,,,,,,,,,,,,,,,,,,,,,,,,,,,,,,,,,,,,,,,,,,,,,,,,,,,,,,,,,,,,,,,,,,,,,,,,,,,,,,,,,,,,,,,,,,,,,,,,,,,,,,,,,,,,,,,,,32842
323,,,cute,1,,,,,,,illegal,3,,,,,,,,,rough,1,hungry,5,wicked,2,,,,,stunning,5,,,,,deadly,1,cute,4,,,,,,,,,,,,,,,,,excellent,2,nasty,1,,,,,,,,,,,,,,,weak,1,,,,,excellent,1,,,,,hilarious,2.5,,,,,excellent,3,tough,4,,,,,hilarious,5,friendly,1,violent,1,warm,4,,,excellent,1,,,,,,,,,,,,,,,,,,,,,,,,,,,,,,,,,,,,,,,,,,,,,,,,,,,,,,,,,,,,,,,,,,,,,,,,,,,,,,,,,,,,,,,,,,,,,,,,,,,,,,,,,,,,,,,,,,,,,,,,,,,,,,,,,,,,,,,,,,,,,,,,,,,,,,,,,,,,,,,,,,,,,,,,,,,,,,,,,,,,,,,,,,,,,,,,,,,,,,,,,,,,,,,,,,,,,,,,,,,,,,,,,,,,,,,,,,,,,,,,,,,,,,,,,12481
296,,,,,,,,,,,,,,,,,,,,,,,,,,,,,,,,,,,,,,,,,,,,,,,,,,,,,,,,,,,,,,,,,,,,,,,,,,,,,,,,,,,,,,,,,,,,,,,,,,,,,,,,,,,,,,,,,,,,,,,,,,,,,,,,,,,,,,,,,,,,,,,,,,,,,,,,,,,,,,,,,,,,,,,,,,,,,,,,,,,,,,,,,,,,,,,,,,,,,,,,,,,,,,,,,,,,,,,,,,,,,,,,,,,,,,,,,,,,,,,,,tired,2,outdoor,1,,,,,empty,2,talented,1,,,,,,,shy,1,,,,,,,,,successful,1,,,,,proud,2,,,,,,,rough,2,,,expensive,1,,,,,,,fat,1,,,,,,,,,empty,1,,,,,,,shy,1,talented,2,wicked,1,hungry,2,,,,,excellent,2,hilarious,1,,,,,,,,,adorable,1,,,,,,,,,,,excited,3,hilarious,1,,,,,,,,,25291
787,,,,,,,,,,,,,,,,,,,,,,,,,,,,,,,,,,,,,,,,,,,,,,,,,,,,,,,,,,,,,,,,,,,,,,,,,,,,,,,,,,,,,,,,,,,,,,,,,,,,,,,,,,,,,,,,,,,,,,,,,,,,,,,,,,,,,,,,,,,,,,,,,,,,,,,,,,,,,,,,,,,,,,,,,,,,,,,,,,,,,,,,,,,,,,,,,,,,,,,,,,,,,,,,,,,,,,,,,,,,,,,,,,,,,,,,,,,,,,,,,,,,,deadly,2,adorable,4,,,,,,,,,cute,5,,,cute,3,,,,,,,,,lazy,2.5,extreme,4,,,,,empty,3,,,,,lazy,2,,,excited,2,warm,3,comfortable,4,,,,,,,lazy,3,,,,,,,,,excellent,4,,,,,,,,,cute,4,,,,,,,illegal,1,,,deadly,3,tough,3,,,sexy,4,,,,,successful,3,,,,,,,,,clean,4,,,,,46925
548,,,,,,,,,,,,,,,,,,,,,,,,,,,,,,,,,,,,,,,,,,,,,,,,,,,,,,,,,,,,,,,,,,,,,,,,,,,,,,,,,,,,,,,,,,,,,,,,,,,,,,,,,,,,,,,,,,,,,,,,,,,,,deadly,2,,,,,,,empty,3,adorable,4,rough,2,shy,3,,,,,,,,,,,,,,,lazy,3,sleepy,2,cute,3,,,,,lazy,2,,,,,safe,3,,,fat,2,fat,2,,,,,,,,,,,illegal,2,excellent,2,shy,3,,,,,,,,,,,,,,,excited,2,,,,,,,,,successful,3,,,,,successful,4,,,,,,,,,attractive,4,clear,2,,,,,,,,,,,,,,,,,,,,,,,,,,,,,,,,,,,,,,,,,,,,,,,,,,,,,,,,,,,,,,,,,,,,,,,,,,,,,,,,,,,,,,,,,,,,,,,,,,,,,,,,,,,,,,,,,,,,,,,,,,,43476
334,,,,,,,,,,,,,,,,,,,,,,,,,,,,,,,,,,,,,,,,,,,,,,,,,,,,,,,,,,,,,,,,,,,,,,,,,,,,,,,,,,,,,,,,,,,,,,,,,,,,,,,,,,,,,,,,,,,,,,,,,,,adorable,4,hungry,5,,,,,,,,,,,,,,,cute,5,hungry,3,clean,2,,,,,,,,,,,deadly,3,,,,,,,,,,,,,,,ugly,2,dangerous,2,,,,,excellent,3,empty,4,,,,,attractive,2,,,shy,5,weak,3,excellent,3,,,,,healthy,4,,,,,,,,,,,,,,,,,sleepy,1,,,successful,3,,,,,hilarious,3,rough,3,,,,,crazy,2,,,,,,,,,,,,,,,,,,,,,,,,,,,,,,,,,,,,,,,,,,,,,,,,,,,,,,,,,,,,,,,,,,,,,,,,,,,,,,,,,,,,,,,,,,,,,,,,,,,,,,,,,,,,,,,,,,,,,,,,,18885
238,gorgeous,2,,,,,,,empty,5,stunning,3,,,,,cute,1,,,,,hungry,5,,,,,,,,,,,lazy,3,,,cute,2,,,,,lazy,4,,,,,,,ugly,5,funny,3,,,,,excellent,5,,,attractive,4,deadly,4,,,,,,,,,excellent,4,hungry,4,,,,,,,,,,,,,excellent,5,,,,,,,,,friendly,3,violent,5,,,,,,,rough,4,evil,3,,,,,,,,,,,,,,,,,,,,,,,,,,,,,,,,,,,,,,,,,,,,,,,,,,,,,,,,,,,,,,,,,,,,,,,,,,,,,,,,,,,,,,,,,,,,,,,,,,,,,,,,,,,,,,,,,,,,,,,,,,,,,,,,,,,,,,,,,,,,,,,,,,,,,,,,,,,,,,,,,,,,,,,,,,,,,,,,,,,,,,,,,,,,,,,,,,,,,,,,,,,,,,,,,,,,,,,,,,,,,,,,,,,,,,,,,,,,,,,,,,,,,48380
370,,,,,,,,,,,,,,,,,,,,,,,,,,,,,,,,,,,,,,,,,,,,,,,,,,,,,,,,,,,,,,,,,,,,,,,,,,,,,,,,,,,,,,,,,,,,,,,,,,,,,,,,,,,,,,,,,,,,,,,,,tired,3,,,,,adorable,3,,,talented,3,,,,,cute,3,hurt,4,,,,,,,dying,2.5,,,,,adorable,3,attractive,5,,,wet,5,,,,,,,,,,,safe,2,,,,,,,,,,,,,excited,5,attractive,4,,,,,,,,,,,hungry,3,excellent,2,,,deadly,4,talented,3,excited,5,,,,,,,,,sexy,5,,,,,,,warm,4,,,,,,,,,excellent,3,,,,,,,,,,,,,,,,,,,,,,,,,,,,,,,,,,,,,,,,,,,,,,,,,,,,,,,,,,,,,,,,,,,,,,,,,,,,,,,,,,,,,,,,,,,,,,,,,,,,,,,,,,,,,,,,,,,,,,,,,,,14339
393,,,,,,,,,,,,,,,,,,,,,,,,,,,,,,,,,,,,,,,,,,,,,,,,,,,,,,,,,,,,,,,,,,,,,,,,,,,,,,,,,,,,,,,,,,,,,,,,,,,,,,,,,,,,,,,,,,,,,,,,,,,,,,,,,,,,,,,,,,,,,,,,,,,,,,,,,,,,,,,,,,,,,,,,,,,,,,,,,,,,,,,,,,,,,,,,,,,,,,,,,,,,,,,,,,,,,,,,,,,,,,,,,,,,,,,,,,,,,,,,,,,,,successful,2,,,,,,,,,excellent,2,,,,,,,outdoor,3,,,,,successful,2,,,,,,,,,,,excited,1,,,,,talented,1,,,,,comfortable,1,,,,,comfortable,2,excellent,2,rough,1,,,deadly,2,illegal,3,excellent,4,shy,2,talented,4,,,comfortable,1,,,,,,,,,,,,,,,clever,1,,,,,,,,,,,dry,3,,,hilarious,2,,,attractive,2,,,,,34689
373,,,,,,,,,,,,,,,,,,,,,,,,,,,,,,,,,,,,,,,,,,,,,,,,,,,,,,,,,,,,,,,,,,,,,,,,,,,,,,,,,,,,,,,,,,,,,,,,,,,,,,,,,,,,,,,,,,,,,,,,,,,,,,,,,,,,,,,,,,,,,,,,,,,,,,,,,,,,,,,,,,,,,,,,,,,,,,,,,,,,,,,,,,,,,,,,,,,,,,,,,,,,,,,,,,,,,,,,,,,,,,,,,,,,,,,,,,,,,,,,,,,,,successful,2,,,,,,,,,excellent,4,,,,,,,outdoor,4,,,,,violent,3,,,,,,,,,,,excited,3,,,,,talented,1,,,,,comfortable,4,,,,,comfortable,1,excellent,2,empty,5,,,talented,4,illegal,3,excellent,5,deadly,4,cute,5,,,crazy,4,,,,,,,,,,,,,,,clever,2,,,,,,,,,,,dry,3,,,adorable,5,,,clean,2,,,,,30794
642,,,,,,,,,,,,,,,difficult,3,,,sleepy,2,,,hungry,3,wicked,4,,,,,stunning,4,,,proud,1,,,,,excited,1,,,,,,,,,,,busy,1,dangerous,1,excellent,3,,,,,,,,,,,,,,,shy,2,talented,1,,,hungry,3,,,healthy,2,,,,,,,,,,,tough,3,,,,,,,friendly,3,violent,1,warm,4,,,,,,,evil,2,excellent,2,,,,,,,,,,,,,,,,,,,,,,,,,,,,,,,,,,,,,,,,,,,,,,,,,,,,,,,,,,,,,,,,,,,,,,,,,,,,,,,,,,,,,,,,,,,,,,,,,,,,,,,,,,,,,,,,,,,,,,,,,,,,,,,,,,,,,,,,,,,,,,,,,,,,,,,,,,,,,,,,,,,,,,,,,,,,,,,,,,,,,,,,,,,,,,,,,,,,,,,,,,,,,,,,,,,,,,,,,,,,,,,,,,,,,,,,,,,,,,,,,,,37044
596,,,cute,2,,,,,empty,1,,,,,,,,,,,,,,,,,dying,3,,,,,adorable,1,,,sleepy,2,cute,1,,,rough,1,,,,,excited,2,safe,1,,,,,,,illegal,2,,,,,excited,2,,,,,excellent,1,,,,,difficult,1,,,,,,,excited,1,,,,,hilarious,1,,,,,adorable,1,excellent,1,cute,1,,,,,,,,,,,rough,1,,,,,crazy,1,,,,,,,,,,,,,,,,,,,,,,,,,,,,,,,,,,,,,,,,,,,,,,,,,,,,,,,,,,,,,,,,,,,,,,,,,,,,,,,,,,,,,,,,,,,,,,,,,,,,,,,,,,,,,,,,,,,,,,,,,,,,,,,,,,,,,,,,,,,,,,,,,,,,,,,,,,,,,,,,,,,,,,,,,,,,,,,,,,,,,,,,,,,,,,,,,,,,,,,,,,,,,,,,,,,,,,,,,,,,,,,,,,,,,,,,,,,,,,,,,10830
516,,,,,,,,,,,,,,,,,,,,,,,,,,,,,,,,,,,,,,,,,,,,,,,,,,,,,,,,,,,,,,,,,,,,,,,,,,,,,,,,,,,,,,,,,,,,,,,,,,,,,,,,,,,,,,,,,,,,,,,,,,,,,,,,,,,,,,,,,,,,,,,,,,,,,,,,,,,,,,,,,,,,,,,,,,,,,,,,,,,,,,,,,,,,,,,,,,,,,,,,,,,,,,,,,,,,,,,,,,,,,,,,,,,,,,,,,,,,,,,,,,,outdoor,2,,,,,,,,,,,,,adorable,4,hurt,2,,,,,,,fat,1,,,lazy,2,adorable,2,proud,2,deadly,3,,,,,,,lazy,1,,,,,warm,2,,,,,,,,,,,,,excited,4,,,,,,,,,,,excellent,2,,,,,,,,,,,excited,1,sexy,4,,,,,extreme,3,sexy,4,sleepy,3,peaceful,2,violent,3,,,,,,,faithful,3,,,,,,,26462
538,,,,,,,,,,,,,,,,,,,,,,,,,,,,,,,,,,,,,,,,,,,,,,,,,,,,,,,,,,,,,,,,,,,,,,,,,,,,,,,,,,,,,,,,,,,,,,,,,,,,,,,,,,,,,,,,,,,,,,,,,,,,,,,,,,,,,,,,,,,,,,,,,,,,,,,,,,,,,,,,,,,,,,,,,,,,,,,,,,,,,,,,,,,,,,,,,,,,,,,,,,,,,,,,,,,,,,,,,,,,,,,,,,,,,,,,,,,,,,,,,healthy,4,,,,,adorable,4,adorable,4,stunning,3,talented,4,,,,,,,rough,3,,,clean,2,,,,,,,,,,,,,empty,3,,,talented,4,,,,,excited,2,,,,,funny,4,excellent,2,,,,,,,,,,,,,,,,,,,,,,,cute,4,lazy,4,excellent,2,deadly,3,,,,,wicked,3,,,,,,,,,,,,,,,creepy,3,,,,,,,excellent,2,excellent,4,19527
268,,,,,successful,1,adorable,1,,,,,talented,1,excellent,2,,,sleepy,4,,,,,,,fat,1,successful,4,,,,,,,,,,,rough,1,,,,,expensive,3,attractive,2,warm,4,,,,,,,comfortable,1,,,rough,1,,,,,,,,,outdoor,1,cute,1,,,,,,,,,,,,,,,,,,,tough,2,adorable,1,,,cute,1,,,,,,,,,excellent,1,,,,,,,crazy,1,,,,,,,,,,,,,,,,,,,,,,,,,,,,,,,,,,,,,,,,,,,,,,,,,,,,,,,,,,,,,,,,,,,,,,,,,,,,,,,,,,,,,,,,,,,,,,,,,,,,,,,,,,,,,,,,,,,,,,,,,,,,,,,,,,,,,,,,,,,,,,,,,,,,,,,,,,,,,,,,,,,,,,,,,,,,,,,,,,,,,,,,,,,,,,,,,,,,,,,,,,,,,,,,,,,,,,,,,,,,,,,,,,,,,,,,,,,,,,,,,23694
454,,,,,,,,,,,,,,,,,,,,,,,,,,,,,,,,,,,,,,,,,,,,,,,,,,,,,,,,,,,,,,,,,,,,,,,,,,,,,,,,,,,,,,,,,,,,,,,,,,,,,,,,,,,,,,,,,,,,,,,,,tired,1,,,,,dumb,1,empty,1,,,,,,,,,,,,,,,,,,,successful,1,,,,,,,deadly,1,,,,,,,,,,,,,,,,,,,,,comfortable,1,deadly,1,,,excited,1,attractive,1,illegal,1,excellent,1,,,,,,,,,,,,,,,talented,1,excited,1,,,,,,,adorable,1,,,sleepy,1,,,successful,1,,,excited,1,adorable,1,,,,,excellent,1,crazy,1,,,,,,,,,,,,,,,,,,,,,,,,,,,,,,,,,,,,,,,,,,,,,,,,,,,,,,,,,,,,,,,,,,,,,,,,,,,,,,,,,,,,,,,,,,,,,,,,,,,,,,,,,,,,,,,,,,,,,,,,,20755
568,,,,,,,,,,,,,,,,,,,,,,,,,,,,,,,,,,,,,,,,,,,,,,,,,,,,,,,,,,,,,,,,,,,,,,,,,,,,,,,,,,,,,,,,,,,,,,,,,,,,,,,,,,,,,,,,,,,,,,,,,,,,,hungry,4,,,,,talented,3,,,,,,,shy,4,,,hungry,4,clean,3,,,,,,,,,,,,,,,sleepy,4,talented,3,,,hilarious,3,,,safe,4,ugly,3,dangerous,3,lazy,3,,,,,insane,4,,,,,,,,,,,cute,3,,,,,excellent,4,healthy,4,,,,,,,sexy,3,excellent,3,,,,,sexy,4,,,,,,,,,,,,,rough,4,,,,,,,,,,,,,,,,,,,,,,,,,,,,,,,,,,,,,,,,,,,,,,,,,,,,,,,,,,,,,,,,,,,,,,,,,,,,,,,,,,,,,,,,,,,,,,,,,,,,,,,,,,,,,,,,,,,,,,,,,,,,,,,46437
409,,,,,,,,,,,,,,,,,,,,,,,,,,,,,,,,,,,,,,,,,,,,,,,,,,,,,,,,,,,,,,,,,,,,,,,,,,,,,,,,,,,,,,,,,,,,,,,,,,,,,,,,,,,,,,,,,,,,,,,,,healthy,3,,,,,,,,,,,empty,3,adorable,5,rough,4,,,cute,4,,,clean,3,dying,4,,,,,adorable,5,,,,,wet,4,,,,,,,,,,,,,,,fat,3,,,,,lazy,3,,,,,,,,,,,shy,4,,,,,,,,,,,,,talented,5,excited,4,warm,2,,,,,,,sexy,5,cute,1,peaceful,4,adorable,4,,,extreme,3,,,,,,,,,,,,,,,,,,,,,,,,,,,,,,,,,,,,,,,,,,,,,,,,,,,,,,,,,,,,,,,,,,,,,,,,,,,,,,,,,,,,,,,,,,,,,,,,,,,,,,,,,,,,,,,,,,,,,,,,,,,,,,,,,,,48352
518,,,,,,,,,,,,,,,,,,,,,,,,,,,,,,,,,,,,,,,,,,,,,,,,,,,,,,,,,,,,,,,,,,,,,,,,,,,,,,,,,,,,,,,,,,,,,,,,,,,,,,,,,,,,,,,,,,,,,,,,,,,adorable,1,,,,,,,,,empty,1,adorable,1,cute,1,,,cute,1,,,,,creepy,1,,,lazy,1,adorable,1,attractive,2,,,cute,1,,,,,lazy,1,,,excited,1,,,,,,,,,,,,,,,,,,,,,,,deadly,2,,,excellent,1,hungry,1,,,,,excited,2,,,,,,,,,clever,1,,,,,,,peaceful,1,,,warm,1,,,,,,,clean,1,,,,,,,,,,,,,,,,,,,,,,,,,,,,,,,,,,,,,,,,,,,,,,,,,,,,,,,,,,,,,,,,,,,,,,,,,,,,,,,,,,,,,,,,,,,,,,,,,,,,,,,,,,,,,,,,,,,,,,,,,,,,,27218
288,,,,,,,,,,,,,,,,,,,,,,,,,,,,,,,,,,,,,,,,,,,,,,,,,,,,,,,,,,,,,,,,,,,,,,,,,,,,,,,,,,,,,,,,,,,,,,,,,,,,,,,,,,,,,,,,,,,,,,,,,,,,,,,,,,,,,,,,,,,,,,,,,,,,,,,,,,,,,,,,,,,,,,,,,,,,,,,,,,,,,,,,,,,,,,,,,,,,,,,,,,,,,,,,,,,,,,,,,,,,,,,,,,,,,,,,,,,,,,,,,gorgeous,4,,,,,adorable,4,adorable,5,stunning,1,,,,,adorable,5,,,,,,,wicked,4,,,,,stunning,4,angry,1,attractive,3,,,,,,,talented,1,,,,,excited,4,,,,,,,,,,,,,empty,2,,,,,,,,,,,,,,,,,,,,,,,talented,5,,,warm,5,,,,,,,,,,,,,violent,3,funny,2,,,excellent,3,,,evil,4,excellent,3,excellent,5,12856
410,,,,,,,,,,,,,,,,,,,,,,,,,,,,,,,,,,,,,,,,,,,,,,,,,,,,,,,,,,,,,,,,,,,,,,,,,,,,,,,,,,,,,,,,,,,,,,,,,,,,,,,,,,,,,,,,,,,,,,,,,,,,,,,,,,,,,,,,,,,,,,,,,,,,,,,,,,,,,,,,,,,,,,,,,,,,,,,,,,,,,,,,,,,,,,,,,,,,,,,,,,,,,,,,,,,,,,,,,,,,,,,,,,,,,,,,,,,,,,,,,,,outdoor,3,,,,,,,,,talented,4,,,,,,,,,,,,,dying,2,,,stunning,3,extreme,5,,,deadly,4,empty,3,,,talented,4,bitter,4,,,,,,,,,dangerous,4,,,,,,,,,,,,,,,,,,,,,,,,,,,,,excellent,3,,,illegal,3,,,,,,,deadly,3,sexy,5,cute,2,violent,4,,,,,creepy,4.5,,,faithful,5,,,excellent,5,excellent,5,29928
280,,,,,,,,,,,,,,,,,,,,,,,,,,,,,,,,,,,,,,,,,,,,,,,,,,,,,,,,,,,,,,,,,,,,,,,,,,,,,,,,,,,,,,,,,,,,,,,,,,,,,,,,,,,,,,,,,,,,,,,,,,,,,hungry,3,,,,,stunning,3,,,,,,,sleepy,4,,,excellent,4,,,,,,,stunning,4,,,proud,3,,,,,,,,,,,talented,3,,,,,,,,,lazy,3,comfortable,3,,,empty,4,excited,4,deadly,4,,,,,,,talented,3,wicked,4,,,excellent,3,healthy,3,excellent,4,,,,,,,excellent,3,,,,,,,,,,,,,,,,,excellent,4,,,,,excellent,3,,,,,,,,,,,,,,,,,,,,,,,,,,,,,,,,,,,,,,,,,,,,,,,,,,,,,,,,,,,,,,,,,,,,,,,,,,,,,,,,,,,,,,,,,,,,,,,,,,,,,,,,,,,,,,,,,,,,,,,,,,,39773
211,,,,,,,,,,,,,,,,,,,,,,,,,,,,,,,,,,,,,,,,,,,,,,,,,,,,,,,,,,,,,,,,,,,,,,,,,,,,,,,,,,,,,,,,,,,,,,,,,,,,,,,,,,,,,,,,,,,,,,,,,,,,,,,,,,,,,,,,,,,,,,,,,,,,,,,,,,,,,,,,,,,,,,,,,,,,,,,,,,,,,,,,,,,,,,,,,,,,,,,,,,,,,,,,,,,,,,,,,,,,,,,,,,,,,,,,,,,,,,,,,,,,,hungry,2,,,,,,,talented,4,excellent,2,,,,,,,,,,,,,violent,2,,,,,,,,,,,excited,2,,,,,talented,1,,,,,comfortable,2,,,,,,,lazy,1,,,excited,3,,,illegal,4,excellent,2,,,cute,4,excellent,2,,,hurt,1,dirty,1,,,,,illegal,1.5,,,,,,,extreme,3,,,cute,2,violent,1,,,,,excited,1,,,,,,,,,,,15815
724,,,cute,2,,,,,,,,,,,,,,,,,cute,5,,,wicked,3,,,,,stunning,4,adorable,2,,,wet,1,,,,,fresh,2,,,,,,,,,,,,,excellent,2,,,,,,,,,,,attractive,2,wet,1,,,,,,,,,cute,1,healthy,4,excited,4,hilarious,1,excited,1,warm,4,,,,,,,successful,3,,,,,,,warm,5,excited,3,,,,,,,excellent,2,,,,,,,,,,,,,,,,,,,,,,,,,,,,,,,,,,,,,,,,,,,,,,,,,,,,,,,,,,,,,,,,,,,,,,,,,,,,,,,,,,,,,,,,,,,,,,,,,,,,,,,,,,,,,,,,,,,,,,,,,,,,,,,,,,,,,,,,,,,,,,,,,,,,,,,,,,,,,,,,,,,,,,,,,,,,,,,,,,,,,,,,,,,,,,,,,,,,,,,,,,,,,,,,,,,,,,,,,,,,,,,,,,,,,,,,,,,,,,,,,,,48970
464,,,,,hungry,1,,,,,,,empty,1,adorable,2,,,shy,2,,,,,,,fat,2,,,stunning,1,,,,,wet,1,,,,,,,,,hilarious,1,,,,,ugly,1,,,fat,1,,,,,,,,,,,,,,,outdoor,1,cute,2,,,,,excellent,1,,,,,,,talented,1,,,,,clean,1,adorable,2,,,,,friendly,1,adorable,2,,,creepy,1,,,,,,,,,wet,1,,,,,,,,,,,,,,,,,,,,,,,,,,,,,,,,,,,,,,,,,,,,,,,,,,,,,,,,,,,,,,,,,,,,,,,,,,,,,,,,,,,,,,,,,,,,,,,,,,,,,,,,,,,,,,,,,,,,,,,,,,,,,,,,,,,,,,,,,,,,,,,,,,,,,,,,,,,,,,,,,,,,,,,,,,,,,,,,,,,,,,,,,,,,,,,,,,,,,,,,,,,,,,,,,,,,,,,,,,,,,,,,,,,,,,,,,,,,,,,,,42270
947,,,,,,,,,,,,,,,,,,,,,,,,,,,,,,,,,,,,,,,,,,,,,,,,,,,,,,,,,,,,,,,,,,,,,,,,,,,,,,,,,,,,,,,,,,,,,,,,,,,,,,,,,,,,,,,,,,,,,,,,,,,,,,,,,cute,4,,,talented,3,excellent,4,,,,,,,,,,,,,successful,4,excited,3,,,,,,,,,excited,4,fresh,4,lazy,3,hilarious,4,excited,4,,,,,,,excellent,3,comfortable,4,,,,,,,,,,,excellent,4,,,,,,,,,,,,,,,,,,,warm,4,excellent,4,clever,3,adorable,4,,,,,peaceful,3,,,,,extreme,4,,,,,clean,3,,,,,,,,,,,,,,,,,,,,,,,,,,,,,,,,,,,,,,,,,,,,,,,,,,,,,,,,,,,,,,,,,,,,,,,,,,,,,,,,,,,,,,,,,,,,,,,,,,,,,,,,,,,,,,,,,,,,,,,,,,,,,43004
350,,,,,,,,,,,,,,,,,,,,,,,,,,,,,,,,,,,,,,,,,,,,,,,,,,,,,,,,,,,,,,,,,,,,,,,,,,,,,,,,,,,,,,,,,,,,,,,,,,,,,,,,,,,,,,,,,,,,,,,,,,,cute,2.5,,,,,empty,2.5,,,,,adorable,4,,,,,,,excellent,1,,,,,successful,2,lazy,2,,,attractive,2,wet,1,,,,,fresh,2,lazy,1,,,cute,3,safe,1,,,,,,,,,,,,,excited,2,attractive,1,,,,,outdoor,2,cute,1,,,,,,,,,excited,2,talented,1,,,,,,,,,,,,,,,,,,,,,excited,2,,,rough,1,,,,,,,,,,,,,,,,,,,,,,,,,,,,,,,,,,,,,,,,,,,,,,,,,,,,,,,,,,,,,,,,,,,,,,,,,,,,,,,,,,,,,,,,,,,,,,,,,,,,,,,,,,,,,,,,,,,,,,,,,,,,,,,23818
602,healthy,3,adorable,2,,,,,empty,2,,,,,,,,,,,,,,,wicked,2,,,dry,1,,,,,proud,2,,,empty,2,,,fresh,1,,,,,cute,2,warm,1,,,funny,1,,,,,excellent,2,,,attractive,3,deadly,2,illegal,2,excellent,1,,,,,,,,,,,healthy,3,,,,,,,,,,,,,,,,,hilarious,3,,,,,warm,2,,,excellent,1,,,,,,,,,,,,,,,,,,,,,,,,,,,,,,,,,,,,,,,,,,,,,,,,,,,,,,,,,,,,,,,,,,,,,,,,,,,,,,,,,,,,,,,,,,,,,,,,,,,,,,,,,,,,,,,,,,,,,,,,,,,,,,,,,,,,,,,,,,,,,,,,,,,,,,,,,,,,,,,,,,,,,,,,,,,,,,,,,,,,,,,,,,,,,,,,,,,,,,,,,,,,,,,,,,,,,,,,,,,,,,,,,,,,,,,,,,,,,,,,,,,,,,,,,16890
483,,,,,,,dumb,1,,,illegal,1,,,,,cute,3,,,cute,3,excellent,1,,,,,,,,,angry,2,,,,,,,rough,1,,,violent,2,,,,,,,,,,,,,comfortable,1,,,empty,3,,,,,,,,,,,,,difficult,1,hungry,2,,,,,excited,3,hilarious,1,,,warm,2,excellent,3,,,,,excellent,1,,,,,,,,,,,,,rough,1,evil,4,excellent,2,,,,,,,,,,,,,,,,,,,,,,,,,,,,,,,,,,,,,,,,,,,,,,,,,,,,,,,,,,,,,,,,,,,,,,,,,,,,,,,,,,,,,,,,,,,,,,,,,,,,,,,,,,,,,,,,,,,,,,,,,,,,,,,,,,,,,,,,,,,,,,,,,,,,,,,,,,,,,,,,,,,,,,,,,,,,,,,,,,,,,,,,,,,,,,,,,,,,,,,,,,,,,,,,,,,,,,,,,,,,,,,,,,,,,,,,,,,,,,,,,,,37301
474,gorgeous,2,cute,5,deadly,1,,,cute,5,stunning,1,,,,,,,sleepy,5,,,hungry,5,,,creepy,5,,,,,extreme,3,proud,3,,,,,,,,,,,,,,,warm,1,,,,,excellent,5,,,,,,,excited,4,,,,,excellent,5,,,weak,3,,,,,,,,,,,hilarious,3,,,,,,,,,adorable,3,,,cute,5,,,violent,5,warm,5,,,,,,,,,,,,,,,,,,,,,,,,,,,,,,,,,,,,,,,,,,,,,,,,,,,,,,,,,,,,,,,,,,,,,,,,,,,,,,,,,,,,,,,,,,,,,,,,,,,,,,,,,,,,,,,,,,,,,,,,,,,,,,,,,,,,,,,,,,,,,,,,,,,,,,,,,,,,,,,,,,,,,,,,,,,,,,,,,,,,,,,,,,,,,,,,,,,,,,,,,,,,,,,,,,,,,,,,,,,,,,,,,,,,,,,,,,,,,,,,,,,,,,,,,,,,,46642
320,,,,,,,,,,,,,,,,,,,,,cute,1,,,,,,,,,excited,1,,,,,,,cute,1,rough,1,fresh,1,,,expensive,1,excited,1,,,,,funny,3,,,comfortable,1,,,,,,,deadly,1,,,,,,,,,excellent,1,,,excellent,1,,,excited,1,,,excited,1,,,excellent,3,,,,,excellent,1,,,peaceful,1,,,,,extreme,1,excellent,1,rough,1,,,,,,,,,,,,,,,,,,,,,,,,,,,,,,,,,,,,,,,,,,,,,,,,,,,,,,,,,,,,,,,,,,,,,,,,,,,,,,,,,,,,,,,,,,,,,,,,,,,,,,,,,,,,,,,,,,,,,,,,,,,,,,,,,,,,,,,,,,,,,,,,,,,,,,,,,,,,,,,,,,,,,,,,,,,,,,,,,,,,,,,,,,,,,,,,,,,,,,,,,,,,,,,,,,,,,,,,,,,,,,,,,,,,,,,,,,,,,,,,,,,,,,,34228
677,,,,,,,,,,,,,,,,,,,,,,,,,,,,,,,,,,,,,,,,,,,,,,,,,,,,,,,,,,,,,,,,,,,,,,,,,,,,,,,,,,,,,,,,,,,,,,,,,,,,,,,,,,,,,,,,,,,,,,,,,,,,,,,,,,,,,,,,,,,,,,,,,,,,,,,,,,,,,,,,,,,,,,,,,,,,,,,,,,,,,,,,,,,,,,,,,,,,,,,,,,,,,,,,,,,,,,,,,,,,,,,,,,,,,,,,,,,,,,,,,,,outdoor,2,,,,,,,,,,,,,,,hurt,1,cute,2,outdoor,1,,,dying,1.5,,,,,,,,,wet,2,empty,2,,,,,lazy,1,,,,,warm,2,,,funny,3,lazy,3,comfortable,2,,,,,,,talented,3,,,,,shy,3,,,,,comfortable,3,,,,,deadly,1.5,,,,,,,wicked,2,clever,2,,,sexy,2,,,,,,,,,,,,,faithful,2,,,,,,,24913
770,,,,,,,,,,,,,,,,,,,,,,,,,,,,,,,,,,,,,,,,,,,,,,,,,,,,,,,,,,,,,,,,,,,,,,,,,,,,,,,,,,,,,,,,,,,,,,,,,,,,,,,,,,,,,,,,,,,,,,,,,,,cute,2,,,nasty,3,cute,1,,,,,,,,,,,,,,,,,,,dry,3,,,,,,,sleepy,4,,,sleepy,3,rough,3,bitter,1.5,,,attractive,4,safe,3,comfortable,2,,,,,,,,,,,,,,,faithful,2,wet,2,,,,,,,hungry,4,,,,,,,,,,,,,,,clever,2,extreme,3,,,,,,,,,dry,3,,,,,faithful,3,attractive,4,,,wet,3,,,,,,,,,,,,,,,,,,,,,,,,,,,,,,,,,,,,,,,,,,,,,,,,,,,,,,,,,,,,,,,,,,,,,,,,,,,,,,,,,,,,,,,,,,,,,,,,,,,,,,,,,,,,,,,,,,,,,,,,,45052
302,,,,,,,nasty,3,,,,,talented,3,adorable,4,rough,4,,,,,,,clean,3.5,,,dry,3,,,,,,,wet,4,,,,,,,violent,3,,,,,,,busy,4,,,,,,,excellent,3,insane,3,,,,,faithful,3,,,outdoor,4,,,,,hungry,3,,,lazy,3,,,,,,,hilarious,3,,,clever,4,,,,,,,,,,,,,,,,,,,evil,4,clear,3,crazy,4,,,,,,,,,,,,,,,,,,,,,,,,,,,,,,,,,,,,,,,,,,,,,,,,,,,,,,,,,,,,,,,,,,,,,,,,,,,,,,,,,,,,,,,,,,,,,,,,,,,,,,,,,,,,,,,,,,,,,,,,,,,,,,,,,,,,,,,,,,,,,,,,,,,,,,,,,,,,,,,,,,,,,,,,,,,,,,,,,,,,,,,,,,,,,,,,,,,,,,,,,,,,,,,,,,,,,,,,,,,,,,,,,,,,,,,,,,,,,,,,,25538
334,tired,5,adorable,2,hungry,5,,,,,talented,2,,,adorable,3,rough,2,,,,,,,clever,1,creepy,3,,,,,,,,,,,,,,,,,bitter,2,,,cute,2,,,,,,,,,,,excellent,3,,,excited,5,,,,,excellent,5,,,,,,,hungry,5,,,,,,,,,talented,2,warm,3,,,,,,,,,,,,,,,warm,5,excited,3,excellent,2,,,,,,,crazy,1,,,,,,,,,,,,,,,,,,,,,,,,,,,,,,,,,,,,,,,,,,,,,,,,,,,,,,,,,,,,,,,,,,,,,,,,,,,,,,,,,,,,,,,,,,,,,,,,,,,,,,,,,,,,,,,,,,,,,,,,,,,,,,,,,,,,,,,,,,,,,,,,,,,,,,,,,,,,,,,,,,,,,,,,,,,,,,,,,,,,,,,,,,,,,,,,,,,,,,,,,,,,,,,,,,,,,,,,,,,,,,,,,,,,,,,,,,,,,,,,,26225
1509,,,,,,,,,,,,,,,,,,,,,,,,,,,,,,,,,,,,,,,,,,,,,,,,,,,,,,,,,,,,,,,,,,,,,,,,,,,,,,,,,,,,,,,,,,,,,,,,,,,,,,,,,,,,,,,,,,,,,,,,,,,,,,,,,,,,,,,,,,,,,,,,,,,,,,,,,,,,,,,,,,,,,,,,,,,,,,,,,,,,,,,,,,,,,,,,,,,,,,,,,,,,,,,,,,,,,,,,,,,,,,,,,,,,,,,,,,,,,,,,,,,,,,,,,,,,,,,,,,,,,cute,3,,,wicked,3,,,,,,,,,proud,2,deadly,4,,,,,talented,2,violent,2,talented,1,,,safe,2,,,,,,,,,,,,,,,talented,2,,,,,deadly,1,,,,,crazy,2,,,,,excellent,2,talented,2,,,sexy,2,excellent,2,,,extreme,2,,,,,,,,,funny,3,creepy,1,adorable,3,,,evil,2,,,,,49122
1116,,,,,,,,,,,,,,,,,,,,,,,,,,,,,,,,,,,,,,,,,,,,,,,,,,,,,,,,,,,,,,,,,,,,,,,,,,,,,,,,,,,,,,,,,,,,,,,,,,,,,,,,,,,,,,,,,,,,,,,,,tired,3,,,hungry,3,nasty,2,,,,,talented,2,,,,,sleepy,4,cute,5,,,wicked,3,creepy,3,,,,,adorable,5,,,,,empty,4,,,,,,,,,,,,,,,,,excellent,5,comfortable,2,,,,,,,,,,,excellent,5,,,,,,,,,cute,3,healthy,5,,,,,,,,,,,tough,4,adorable,5,,,,,,,,,warm,3,,,excellent,5,,,,,,,crazy,3,,,,,,,,,,,,,,,,,,,,,,,,,,,,,,,,,,,,,,,,,,,,,,,,,,,,,,,,,,,,,,,,,,,,,,,,,,,,,,,,,,,,,,,,,,,,,,,,,,,,,,,,,,,,,,,,,,,,,,,,,11641
199,,,,,,,,,,,,,,,,,,,,,,,,,,,,,,,,,,,,,,,,,,,,,,,,,,,,,,,,,,,,,,,,,,,,,,,,,,,,,,,,,,,,,,,,,,,,,,,,,,,,,,,,,,,,,,,,,,,,,,,,,,,,,,,,,,,,,,,,,,,,,,,,,,,,,,,,,,,,,,,,,,,,,,,,,,,,,,,,,,,,,,,,,,,,,,,,,,,,,,,,,,,,,,,,,,,,,,,,,,,,,,,,,,,,,,,,,,,,,,,,,healthy,2,outdoor,2,,,,,cute,2.5,,,,,,,,,,,cute,3,,,wicked,2,fat,2,successful,3,,,adorable,1,,,deadly,2,,,,,,,,,,,,,warm,2,comfortable,2,,,,,,,,,empty,1,,,,,,,excellent,1,,,cute,3,,,crazy,1,,,dirty,1,excellent,2,,,,,warm,3,,,,,,,successful,3,,,,,,,,,,,,,,,,,,,excellent,2,38290
682,,,,,,,,,,,,,,,,,,,,,,,,,,,,,,,,,,,,,,,,,,,,,,,,,,,,,,,,,,,,,,,,,,,,,,,,,,,,,,,,,,,,,,,,,,,,,,,,,,,,,,,,,,,,,,,,,,,,,,,,,,,,,,,,,,,,,,,,,,,,,,,,,,,,,,,,,,,,,,,,,,,,,,,,,,,,,,,,,,,,,,,,,,,,,,,,,,,,,,,,,,,,,,,,,,,,,,,,,,,,,,,,,,,,,,,,,,,,,,,,,,,outdoor,2,successful,2,,,empty,4,stunning,2,,,,,,,sleepy,1,,,,,,,fat,2,,,lazy,3,,,,,,,,,,,,,,,,,,,,,,,,,,,nasty,2,excellent,2,empty,2,excited,4,,,,,excellent,4,,,,,,,,,cute,4,dirty,1,,,,,excited,1,,,,,tough,2,,,sexy,3,hilarious,2,,,,,,,,,,,,,,,clear,1,excellent,4,28854
238,,,,,,,adorable,2,adorable,3,,,talented,2,,,,,shy,4,,,,,,,,,successful,1,,,,,,,,,,,,,fresh,4,,,expensive,4.5,,,safe,2.5,ugly,4,,,,,,,,,,,,,attractive,1,attractive,4,,,deadly,3,cute,4,,,,,cute,2,healthy,4,excited,4,hilarious,3,,,,,excellent,2,,,,,,,cute,3.5,,,,,,,,,,,,,,,excellent,2,,,,,,,,,,,,,,,,,,,,,,,,,,,,,,,,,,,,,,,,,,,,,,,,,,,,,,,,,,,,,,,,,,,,,,,,,,,,,,,,,,,,,,,,,,,,,,,,,,,,,,,,,,,,,,,,,,,,,,,,,,,,,,,,,,,,,,,,,,,,,,,,,,,,,,,,,,,,,,,,,,,,,,,,,,,,,,,,,,,,,,,,,,,,,,,,,,,,,,,,,,,,,,,,,,,,,,,,,,,,,,,,,,,,,,,,,,,,,,,,,,,32065
733,,,,,,,,,,,,,,,,,,,,,,,,,,,,,,,,,,,,,,,,,,,,,,,,,,,,,,,,,,,,,,,,,,,,,,,,,,,,,,,,,,,,,,,,,,,,,,,,,,,,,,,,,,,,,,,,,,,,,,,,,,,,,,,,,,,stunning,4,,,,,cute,5,,,,,,,,,,,,,,,,,,,,,,,excited,3,,,,,hilarious,3,,,,,ugly,2,dangerous,3,,,,,deadly,2,rough,3.5,,,,,illegal,2,,,,,,,difficult,3.5,hungry,4,,,,,,,,,excited,5,warm,4,excellent,4,,,,,successful,4,cute,4,peaceful,5,adorable,4,,,,,,,,,attractive,4,excellent,4,,,,,,,,,,,,,,,,,,,,,,,,,,,,,,,,,,,,,,,,,,,,,,,,,,,,,,,,,,,,,,,,,,,,,,,,,,,,,,,,,,,,,,,,,,,,,,,,,,,,,,,,,,,,,,,,,,,,,,,,,,,25198
572,,,,,,,,,,,,,,,,,,,,,,,,,,,,,,,,,,,,,,,,,,,,,,,,,,,,,,,,,,,,,,,,,,,,,,,,,,,,,,,,,,,,,,,,,,,,,,,,,,,,,,,,,,,,,,,,,,,,,,,,,,,,,,,,,,,,,,,,,,,,,,,,,,,,,,,,,,,,,,,,,,,,,,,,,,,,,,,,,,,,,,,,,,,,,,,,,,,,,,,,,,,,,,,,,,,,,,,,,,,,,,,,,,,,,,,,,,,,,,,,,gorgeous,4,,,,,adorable,3,,,,,empty,1,excellent,2,cute,5,,,,,outdoor,4,,,,,successful,2,,,extreme,3,,,,,empty,1,sleepy,3,,,,,,,cute,1.5,,,busy,3,funny,3,excellent,1,,,,,,,,,,,attractive,2,,,,,talented,4,excellent,3,,,,,,,,,,,,,,,,,,,,,,,,,peaceful,2,violent,2,,,,,,,faithful,4,,,,,,,23294
1334,,,,,,,,,,,,,,,,,,,,,cute,3,excellent,3,,,,,,,lazy,3,adorable,2,proud,4,deadly,3,cute,3,sleepy,3,,,,,,,,,,,,,dangerous,2,excellent,3,comfortable,3,,,empty,2,,,,,,,,,,,,,excellent,3,,,,,,,,,,,,,,,,,tough,3,adorable,3,sexy,3,,,peaceful,3,violent,4,,,,,,,rough,3,evil,2,,,,,,,,,,,,,,,,,,,,,,,,,,,,,,,,,,,,,,,,,,,,,,,,,,,,,,,,,,,,,,,,,,,,,,,,,,,,,,,,,,,,,,,,,,,,,,,,,,,,,,,,,,,,,,,,,,,,,,,,,,,,,,,,,,,,,,,,,,,,,,,,,,,,,,,,,,,,,,,,,,,,,,,,,,,,,,,,,,,,,,,,,,,,,,,,,,,,,,,,,,,,,,,,,,,,,,,,,,,,,,,,,,,,,,,,,,,,,,,,,,,,,39908
353,,,,,,,,,,,,,,,,,,,,,,,,,,,,,,,,,,,,,,,,,,,,,,,,,,,,,,,,,,,,,,,,,,,,,,,,,,,,,,,,,,,,,,,,,,,,,,,,,,,,,,,,,,,,,,,,,,,,,,,,,,,,,,,,,empty,4,stunning,3,,,,,,,,,cute,3,,,,,,,dry,3.5,,,,,lazy,4,,,,,,,,,bitter,3,,,,,,,comfortable,2,,,lazy,4,,,,,insane,4,empty,3,,,,,,,,,cute,2,,,crazy,1,,,,,excited,3,,,excited,2,sexy,4,wicked,2,,,,,,,hilarious,3,,,adorable,5,,,,,,,,,,,clear,5,wet,4,,,,,,,,,,,,,,,,,,,,,,,,,,,,,,,,,,,,,,,,,,,,,,,,,,,,,,,,,,,,,,,,,,,,,,,,,,,,,,,,,,,,,,,,,,,,,,,,,,,,,,,,,,,,,,,,,,,,,,,,,25364
373,gorgeous,3,,,,,,,adorable,4,,,,,,,,,,,,,hungry,4,,,,,successful,3,,,,,,,,,,,,,fresh,4,,,,,excited,4,,,,,funny,3,,,comfortable,4,,,rough,4,excited,4,talented,4,attractive,3,excellent,4,,,,,excellent,3,,,,,,,,,,,,,warm,4,wicked,3,,,,,sexy,4,hilarious,3,friendly,3,,,,,,,,,faithful,3,,,,,,,,,,,,,,,,,,,,,,,,,,,,,,,,,,,,,,,,,,,,,,,,,,,,,,,,,,,,,,,,,,,,,,,,,,,,,,,,,,,,,,,,,,,,,,,,,,,,,,,,,,,,,,,,,,,,,,,,,,,,,,,,,,,,,,,,,,,,,,,,,,,,,,,,,,,,,,,,,,,,,,,,,,,,,,,,,,,,,,,,,,,,,,,,,,,,,,,,,,,,,,,,,,,,,,,,,,,,,,,,,,,,,,,,,,,,,,,,,,,,,,,19359
646,,,,,,,,,,,,,,,,,,,,,,,,,,,,,,,,,,,,,,,,,,,,,,,,,,,,,,,,,,,,,,,,,,,,,,,,,,,,,,,,,,,,,,,,,,,,,,,,,,,,,,,,,,,,,,,,,,,,,,,,,,,,,,,,,,,,,,,,,,,,,,,,,,,,,,,,,,,,,,,,,,,,,,,,,,,,,,,,,,,,,,,,,,,,,,,,,,,,,,,,,,,,,,,,,,,,,,,,,,,,,,,,,,,,,,,,,,,,,,,,,,,,,,,,,,,stunning,4,talented,4,excellent,3,cute,3,sleepy,2,,,excellent,2,,,,,,,lazy,4,,,proud,2.5,,,,,,,,,bitter,2,talented,2,,,,,,,dangerous,3,,,comfortable,4,,,,,,,attractive,4,illegal,3,,,,,,,,,,,cute,4,,,,,,,,,,,,,,,deadly,4,,,,,friendly,3,,,funny,4,excited,2,,,,,,,excellent,3,,,21823
1234,,,,,,,,,,,,,,,,,,,,,,,,,,,,,,,,,,,,,,,,,,,,,,,,,,,,,,,,,,,,,,,,,,,,,,,,,,,,,,,,,,,,,,,,,,,,,,,,,,,,,,,,,,,,,,,,,,,,,,,,,healthy,3,,,hungry,3,dumb,2,empty,2,stunning,2,,,,,rough,2,shy,2,cute,2,,,,,creepy,3,,,,,adorable,2,attractive,4,,,wet,3,,,,,bitter,1,,,,,angry,2,,,dangerous,2,,,,,,,,,,,deadly,3.5,attractive,2.5,,,,,,,,,,,,,,,,,,,,,,,,,,,,,,,,,,,,,dry,2,,,,,rough,2,,,,,crazy,2,,,,,,,,,,,,,,,,,,,,,,,,,,,,,,,,,,,,,,,,,,,,,,,,,,,,,,,,,,,,,,,,,,,,,,,,,,,,,,,,,,,,,,,,,,,,,,,,,,,,,,,,,,,,,,,,,,,,,,,,,42857
402,,,,,,,,,,,,,,,,,,,,,,,,,,,,,,,,,,,,,,,,,,,,,,,,,,,,,,,,,,,,,,,,,,,,,,,,,,,,,,,,,,,,,,,,,,,,,,,,,,,,,,,,,,,,,,,,,,,,,,,,,,,,,,,,,,,,,,,,,,,,,,,,,,,,,,,,,,,,,,,,,,,,,,,,,,,,,,,,,,,,,,,,,,,,,,,,,,,,,,,,,,,,,,,,,,,,,,,,,,,,,,,,,,,,,,,,,,,,,,,,,,,,,successful,2,adorable,3,,,,,,,,,,,,,,,,,,,,,,,excited,2,,,,,deadly,1,empty,2,excited,1,,,,,talented,1,,,,,comfortable,4,,,,,,,lazy,2,empty,1,,,,,illegal,2,excellent,3,,,,,,,,,,,,,,,,,,,,,excellent,2,,,extreme,2,,,hilarious,2,peaceful,3,violent,1,,,,,adorable,5,faithful,5,,,,,excellent,5,42133
748,,,,,,,,,,,,,,,,,,,,,,,,,,,,,,,,,,,,,,,,,,,,,,,,,,,,,,,,,,,,,,,,,,,,,,,,,,,,,,,,,,,,,,,,,,,,,,,,,,,,,,,,,,,,,,,,,,,,,,,,,,,,,,,,,,,,,,,,,,,,,,,,,,,,,,,,,,,,,,,,,,,,,,,,,,,,,,,,,,,,,,,,,,,,,,,,,,,,,,,,,,,,,,,,,,,,,,,,,,,,,,,,,,,,,,,,,,,,,,,,,,,,,hungry,1,nasty,2,,,,,,,,,,,,,,,,,,,,,,,,,,,,,,,cute,1,rough,2,talented,4,,,,,attractive,2,,,,,,,excellent,3,,,lazy,1,,,excited,4,,,,,,,shy,3,,,excellent,1,,,,,,,,,hilarious,2,talented,1,,,excellent,3,clean,1,,,,,cute,3,,,violent,3,,,,,adorable,1,faithful,3,evil,1,,,,,17948
149,,,,,,,,,,,,,,,,,,,,,,,,,,,,,,,,,,,,,,,,,,,,,,,,,,,,,,,,,,,,,,,,,,,,,,,,,,,,,,,,,,,,,,,,,,,,,,,,,,,,,,,,,,,,,,,,,,,,,,,,,,,,,,,,,,,,,empty,2,,,,,,,,,hungry,1,clever,3,,,successful,4,excited,4,,,,,,,,,,,,,,,,,,,,,ugly,2,,,,,,,,,,,attractive,4,,,,,,,shy,3,cute,4,difficult,4,,,cute,2,,,excellent,3,talented,2,excited,3,,,excellent,4,,,adorable,5,sexy,4,,,,,successful,4,,,,,hilarious,2,,,,,excellent,3,,,,,,,,,,,,,,,,,,,,,,,,,,,,,,,,,,,,,,,,,,,,,,,,,,,,,,,,,,,,,,,,,,,,,,,,,,,,,,,,,,,,,,,,,,,,,,,,,,,,,,,,,,,,,,,,,,,,,,,,,,,47334
252,,,,,,,,,,,,,,,,,,,,,,,,,,,,,,,,,,,,,,,,,,,,,,,,,,,,,,,,,,,,,,,,,,,,,,,,,,,,,,,,,,,,,,,,,,,,,,,,,,,,,,,,,,,,,,,,,,,,,,,,,,,,,,,,,,,,,,,,,,,,,,,,,,,,,,,,,,,,,,,,,,,,,,,,,,,,,,,,,,,,,,,,,,,,,,,,,,,,,,,,,,,,,,,,,,,,,,,,,,,,,,,,,,,,,,,,,,,,,,,,,gorgeous,2,cute,1,,,,,cute,3,,,talented,1,,,,,,,,,excellent,1,clean,1,fat,2,,,,,,,,,,,,,,,talented,5,,,,,,,safe,1,,,,,excellent,3,comfortable,3,,,,,excited,4,,,,,,,deadly,4,,,wicked,1,,,cute,5,dirty,3,,,,,,,warm,5,,,,,,,sexy,3,,,,,,,warm,2,,,,,,,clean,4,,,,,17726
842,,,,,successful,3,,,,,stunning,3,talented,1,difficult,3,,,shy,3,cute,4,,,,,creepy,2,,,,,adorable,2,,,,,empty,3,excited,3,,,bitter,3,,,,,,,,,,,excellent,3,,,,,,,,,,,,,,,,,cute,4,,,,,,,,,,,talented,3,excited,3,,,,,tough,3,adorable,4,,,,,,,violent,4,warm,3,,,excellent,3,,,,,,,,,,,,,,,,,,,,,,,,,,,,,,,,,,,,,,,,,,,,,,,,,,,,,,,,,,,,,,,,,,,,,,,,,,,,,,,,,,,,,,,,,,,,,,,,,,,,,,,,,,,,,,,,,,,,,,,,,,,,,,,,,,,,,,,,,,,,,,,,,,,,,,,,,,,,,,,,,,,,,,,,,,,,,,,,,,,,,,,,,,,,,,,,,,,,,,,,,,,,,,,,,,,,,,,,,,,,,,,,,,,,,,,,,,,,,,,,,,,,,,,,,47203
2731,,,,,,,,,,,,,,,,,,,,,,,,,,,,,,,,,,,,,,,,,,,,,,,,,,,,,,,,,,,,,,,,,,,,,,,,,,,,,,,,,,,,,,,,,,,,,,,,,,,,,,,,,,,,,,,,,,,,,,,,,,,cute,4,successful,4,,,,,,,empty,4,adorable,4,,,shy,4,,,outdoor,4,,,,,,,lazy,4,adorable,4,,,deadly,3,,,rough,3,fresh,3,,,hilarious,4,,,safe,4,,,,,,,,,,,,,,,,,,,,,,,,,,,,,,,healthy,4,,,hilarious,4,,,,,,,clever,4,adorable,3,sexy,4,,,,,,,,,,,adorable,4,rough,4,,,,,,,,,,,,,,,,,,,,,,,,,,,,,,,,,,,,,,,,,,,,,,,,,,,,,,,,,,,,,,,,,,,,,,,,,,,,,,,,,,,,,,,,,,,,,,,,,,,,,,,,,,,,,,,,,,,,,,,,,,,,,,,31520
390,,,cute,2,,,dumb,1,,,,,,,,,rough,1.5,,,,,,,wicked,4,,,,,stunning,4,,,lazy,3,wet,2,,,,,,,,,hilarious,2,,,safe,4,busy,4,,,,,,,lazy,2,,,,,,,,,,,outdoor,1,,,,,hungry,3,hurt,2,healthy,2,excited,2,,,,,,,,,,,,,,,,,,,,,,,excited,2,,,,,evil,4,excellent,2,crazy,3,,,,,,,,,,,,,,,,,,,,,,,,,,,,,,,,,,,,,,,,,,,,,,,,,,,,,,,,,,,,,,,,,,,,,,,,,,,,,,,,,,,,,,,,,,,,,,,,,,,,,,,,,,,,,,,,,,,,,,,,,,,,,,,,,,,,,,,,,,,,,,,,,,,,,,,,,,,,,,,,,,,,,,,,,,,,,,,,,,,,,,,,,,,,,,,,,,,,,,,,,,,,,,,,,,,,,,,,,,,,,,,,,,,,,,,,,,,,,,,,,21982
318,gorgeous,2,,,,,,,,,,,talented,2,,,,,,,confused,4,,,clean,4,,,,,lazy,1,,,,,deadly,3,,,,,fresh,3,,,talented,5,,,,,,,,,lazy,4,,,lazy,3,,,,,,,,,,,shy,3,,,,,,,excellent,2,dirty,4,,,,,,,sexy,5,,,,,extreme,4,,,sleepy,1,,,,,dry,4,extreme,2,hilarious,4,faithful,4,,,,,,,,,,,,,,,,,,,,,,,,,,,,,,,,,,,,,,,,,,,,,,,,,,,,,,,,,,,,,,,,,,,,,,,,,,,,,,,,,,,,,,,,,,,,,,,,,,,,,,,,,,,,,,,,,,,,,,,,,,,,,,,,,,,,,,,,,,,,,,,,,,,,,,,,,,,,,,,,,,,,,,,,,,,,,,,,,,,,,,,,,,,,,,,,,,,,,,,,,,,,,,,,,,,,,,,,,,,,,,,,,,,,,,,,,,,,,,,,,,,,,,,13056
1165,,,,,,,,,,,,,,,,,,,,,,,,,,,,,,,,,,,,,,,,,,,,,,,,,,,,,,,,,,,,,,,,,,,,,,,,,,,,,,,,,,,,,,,,,,,,,,,,,,,,,,,,,,,,,,,,,,,,,,,,,,,outdoor,4,,,,,,,,,,,adorable,4,,,,,,,,,,,,,,,,,,,,,sleepy,3,,,sleepy,4,talented,3,,,talented,4,cute,3,,,,,,,excellent,3,illegal,3,lazy,4,rough,4,,,,,,,excellent,4,,,,,,,hungry,2,,,healthy,3,,,,,,,sexy,4,,,tough,4,,,,,cute,3,friendly,4,,,,,excited,3,,,,,attractive,4,,,,,,,,,,,,,,,,,,,,,,,,,,,,,,,,,,,,,,,,,,,,,,,,,,,,,,,,,,,,,,,,,,,,,,,,,,,,,,,,,,,,,,,,,,,,,,,,,,,,,,,,,,,,,,,,,,,,,,,,,,,,,14817
163,,,,,,,,,,,,,,,,,,,,,,,,,,,,,,,,,,,,,,,,,,,,,,,,,,,,,,,,,,,,,,,,,,,,,,,,,,,,,,,,,,,,,,,,,,,,,,,,,,,,,,,,,,,,,,,,,,,,,,,,,,,,,,,,,,,,,,,,,,,,,,,,,,,,,,,,,,,,,,,,,,,,,,,,,,,,,,,,,,,,,,,,,,,,,,,,,,,,,,,,,,,,,,,,,,,,,,,,,,,,,,,,,,,,,,,,,,,,,,,,,,,,,,,,,,,stunning,4,,,difficult,3,cute,5,sleepy,2,rough,3,,,,,,,successful,3,,,extreme,3,attractive,3,,,,,,,,,bitter,2,,,excited,3,,,,,dangerous,4,,,,,,,,,,,attractive,4,,,,,,,talented,5,,,crazy,4,,,,,deadly,3,talented,3,illegal,2,,,,,tough,3,,,,,,,,,,,,,creepy,3,,,,,,,clear,3,,,19119
290,,,,,,,,,,,,,,,,,,,,,,,,,,,,,,,,,,,,,,,,,,,,,,,,,,,,,,,,,,,,,,,,,,,,,,,,,,,,,,,,,,,,,,,,,,,,,,,,,,,,,,,,,,,,,,,,,,,,,,,,,,,,,,,,,,,,,,,,,,,,,,,,,,,,,,,,,,,,,,,,,,,,,,,,,,,,,,,,,,,,,,,,,,,,,,,,,,,,,,,,,,,,,,,,,,,,,,,,,,,,,,,,,,,,,,,,,,,,,,,,,,,,,,,,,adorable,4,,,,,excellent,1,,,,,rough,4,excellent,4,,,fat,3,violent,4,lazy,4,,,attractive,3.5,,,,,,,,,,,,,,,,,ugly,4,,,lazy,4,,,deadly,4,,,,,,,illegal,4,,,outdoor,3.5,,,excellent,3,hungry,3.5,cute,3,healthy,4,,,,,illegal,2,warm,4,,,,,,,,,,,,,,,,,,,,,,,,,excellent,2,,,36510
537,,,,,successful,1,adorable,1,,,,,,,excellent,3,rough,3,,,,,,,,,dying,2,dry,4,,,extreme,2,,,,,,,rough,3,,,,,,,,,,,,,,,,,,,,,,,,,deadly,3,faithful,4,,,,,talented,2,difficult,2,,,,,,,,,,,,,,,wicked,2,tough,3,,,successful,2,,,friendly,3,violent,3,,,,,,,,,evil,1,clear,2,crazy,3,,,,,,,,,,,,,,,,,,,,,,,,,,,,,,,,,,,,,,,,,,,,,,,,,,,,,,,,,,,,,,,,,,,,,,,,,,,,,,,,,,,,,,,,,,,,,,,,,,,,,,,,,,,,,,,,,,,,,,,,,,,,,,,,,,,,,,,,,,,,,,,,,,,,,,,,,,,,,,,,,,,,,,,,,,,,,,,,,,,,,,,,,,,,,,,,,,,,,,,,,,,,,,,,,,,,,,,,,,,,,,,,,,,,,,,,,,,,,,,,,11947
3020,,,,,,,,,,,,,,,,,,,,,,,,,,,,,,,,,,,,,,,,,,,,,,,,,,,,,,,,,,,,,,,,,,,,,,,,,,,,,,,,,,,,,,,,,,,,,,,,,,,,,,,,,,,,,,,,,,,,,,,,,healthy,1,,,hungry,5,,,,,,,deadly,1,,,,,,,,,hungry,2,,,creepy,1,,,,,,,attractive,5,,,cute,2,rough,2,talented,1,,,,,,,,,ugly,1,,,excellent,3,,,,,empty,2,,,,,,,excellent,1,,,,,,,hungry,2,excellent,1,healthy,5,,,talented,2,,,,,,,,,adorable,5,,,cute,1,,,,,warm,1,,,,,,,,,,,,,,,,,,,,,,,,,,,,,,,,,,,,,,,,,,,,,,,,,,,,,,,,,,,,,,,,,,,,,,,,,,,,,,,,,,,,,,,,,,,,,,,,,,,,,,,,,,,,,,,,,,,,,,,,,,,,,,,,,,,,,22347
852,,,,,,,,,,,,,,,,,,,,,,,,,,,,,,,,,,,,,,,,,,,,,,,,,,,,,,,,,,,,,,,,,,,,,,,,,,,,,,,,,,,,,,,,,,,,,,,,,,,,,,,,,,,,,,,,,,,,,,,,,,,,,,,,,empty,3,,,,,difficult,5,,,,,,,outdoor,3,,,creepy,3,,,stunning,4,,,,,deadly,4,,,excited,3,,,,,talented,3,attractive,3,,,ugly,3,,,fat,3,,,lazy,4,,,,,attractive,4,,,excellent,3,,,cute,4,,,,,,,dirty,3,,,talented,4,talented,3,,,,,clean,4,,,,,,,,,,,,,,,,,,,,,,,crazy,3,,,,,,,,,,,,,,,,,,,,,,,,,,,,,,,,,,,,,,,,,,,,,,,,,,,,,,,,,,,,,,,,,,,,,,,,,,,,,,,,,,,,,,,,,,,,,,,,,,,,,,,,,,,,,,,,,,,,,,,,,30830
78,,,,,,,,,,,,,,,,,,,,,,,,,,,,,,,,,,,,,,,,,,,,,,,,,,,,,,,,,,,,,,,,,,,,,,,,,,,,,,,,,,,,,,,,,,,,,,,,,,,,,,,,,,,,,,,,,,,,,,,,,,,,,,,,,,,,,,,,,,,,,,,,,,,,,,,,,,,,,,,,,,,,,,,,,,,,,,,,,,,,,,,,,,,,,,,,,,,,,,,,,,,,,,,,,,,,,,,,,,,,,,,,,,,,,,,,,,,,,,,,,,,,,,,,,,,,,,,,,,,,,,,,,,,,,,,,,,,,,,,,,,,,,,,,,,,,,,,,,,,,,,,,,,,,,,,,,,,,,,,,,,,,,,,,,,,,,,,,,,,,,,,,,,,,,,,,,,,,,,,,,
186,,,,,,,,,,,,,,,,,,,,,,,,,,,,,,,,,,,,,,,,,,,,,,,,,,,,,,,,,,,,,,,,,,,,,,,,,,,,,,,,,,,,,,,,,,,,,,,,,,,,,,,,,,,,,,,,,,,,,,,,,,,,,,,adorable,2,,,,,,,,,,,,,,,,,,,,,,,,,,,,,,,,,,,,,,,,,,,,,,,funny,2,,,comfortable,1,,,,,,,,,,,,,,,,,excellent,3,,,cute,5,,,,,,,,,,,,,,,,,,,,,,,,,,,,,,,,,evil,5,,,,,,,,,,,,,,,,,,,,,,,,,,,,,,,,,,,,,,,,,,,,,,,,,,,,,,,,,,,,,,,,,,,,,,,,,,,,,,,,,,,,,,,,,,,,,,,,,,,,,,,,,,,,,,,,,,,,,,,,,,,,,
299,,,,,,,,,,,,,,,,,,,,,,,,,,,,,,,,,,,,,,,,,,,,,,,,,,,,,,,,,,,,,,,,,,,,,,,,,,,,,,,,,,,,,,,,,,,,,,,,,,,,,,,,,,,,,,,,,,,,,,,,,,,,,hungry,3,,,,,,,,,,,,,,,,,,,,,,,,,,,,,,,sleepy,1,,,,,,,,,,,,,,,,,,,,,,,,,,,,,,,,,,,,,,,,,,,,,,,,,,,,,,,,,,,,,,,,,,,,,,,,,,,,,,,,,,,,,,,,,,,,,,,,,,,,,,,,,,,,,,,,,,,,,,,,,,,,,,,,,,,,,,,,,,,,,,,,,,,,,,,,,,,,,,,,,,,,,,,,,,,,,,,,,,,,,,,,,,,,,,,,,,,,,,,,,,,
18,,,,,,,,,,,,,,,,,,,,,,,,,,,,,,,,,,,,,,,,,,,,,,,,,,,,,,,,,,,,,,,,,,,,,,,,,,,,,,,,,,,,,,,,,,,,,,,,,,,,,,,,,,,,,,,,,,,,,,,,,,,,,,,,,,,,,,,,,,,,,,,,,,,,,,,,,,,,,,,,,,,,,,,,,,,,,,,,,,,,,,,,,,,,,,,,,,,,,,,,,,,,,,,,,,,,,,,,,,,,,,,,,,,,,,,,,,,,,,,,,,,,,,,,,,,,,,,,,,,,,,,,,,,,,,,,,,,,,,,,,,,,,,,,,,,,,,,,,,,,,,,,,,,,,,,,,,,,,,,,,,,,,,,,,,,,,,,,,,,,,,,,,,,,,,,,,,,,,,,,,